category,rank,brand,product_name,price,character_ip,url,product_id,scraped_at,price_numeric,price_tier,usp,rank_delta,is_new_entry,rank_comparison_status
리빙 전체,1,그랑핸드,NEW 향 추가 [단독패키지] 그랑핸드 사쉐 40g (8종 택 1),"18,000원",일반/비IP 상품,https://gift.kakao.com/product/4926192,4926192,2026-09-22 10:32:37,18000,1만원대,"선물포장, 단독구성",0,False,compared
리빙 전체,2,캐릭터주방,[단독/추석선물] 리락쿠마 페이스 머그 텀블러 360ml 보온 보냉,"24,500원",리락쿠마,https://gift.kakao.com/product/13772143,13772143,2026-09-22 10:32:38,24500,2만원대,단독구성,3,False,compared
리빙 전체,3,리베르,아로마 오일 1위 [] 에센셜 아로마 오일 롤온 & 괄사 세트 (3종 택1) 스트레스케어/숙면선물 10% 감사 카드,"30,600원",일반/비IP 상품,https://gift.kakao.com/product/5391162,5391162,2026-09-22 10:32:38,30600,3만원대,단독구성,1,False,compared
리빙 전체,4,스탠리,[스탠리공식유통사] 퀜처 H2.0 플로우스테이트 텀블러 887ml,"49,000원",일반/비IP 상품,https://gift.kakao.com/product/11106499,11106499,2026-09-22 10:32:38,49000,4만원대,일반구성,-1,False,compared
리빙 전체,5,가나디,"인싸템 가나디 스트레스볼 인형 (모찌/말랑이/스트레스해소/스퀴시볼) , 8,414","16,300원",가나디,https://gift.kakao.com/product/13881148,13881148,2026-09-22 10:32:38,16300,1만원대,일반구성,5,False,compared
리빙 전체,6,코토나,생일/결혼/집들이 [] 코토나 기프트 세트 5P 호텔 수건 40수 고중량 타올 200g 순면 타월 답례 친구 신혼 이사 자취 추석 선물 42%,"34,800원",일반/비IP 상품,https://gift.kakao.com/product/12854287,12854287,2026-09-22 10:32:38,34800,3만원대,단독구성,0,False,compared
리빙 전체,7,오브제바이쿤달(디퓨저),"""행운선물"" [단독/행잉키트] 오브제바이쿤달 클로버 디퓨저 기프트 세트 10% 행잉키트","33,000원",일반/비IP 상품,https://gift.kakao.com/product/13550210,13550210,2026-09-22 10:32:38,33000,3만원대,단독구성,1,False,compared
리빙 전체,8,가나디,귀여운 선물 가나디 복조리 파우치 (귀여운/휴대용/다용도파우치/생일),"12,000원",가나디,https://gift.kakao.com/product/13261876,13261876,2026-09-22 10:32:38,12000,1만원대,일반구성,4,False,compared
리빙 전체,9,입소문뷰티템,"[생일/힐링선물]미누 룸&드레스 퍼퓸 + 사쉐 세트 (+미니퍼퓸) 섬유 향수 탈취제 룸스프레이 &차량용 방향제 샤쉐 집들이선물 미니 퍼퓸 15ml , 7,022","22,900원",일반/비IP 상품,https://gift.kakao.com/product/13831534,13831534,2026-09-22 10:32:38,22900,2만원대,단독구성,8,False,compared
리빙 전체,10,캐릭터침구,"""생일/기념일선물"" (추석 이후 입고) 먼작귀 꿀잠바디쿠션4종 택1 치이카와 가르마 토끼 굿즈 극세사 긴베개 안고자는 바디필로우 캐릭터 굿즈 인형","29,900원",먼작귀/치이카와,https://gift.kakao.com/product/6986025,6986025,2026-09-22 10:32:38,29900,2만원대,일반구성,4,False,compared
리빙 전체,11,스탠리,[스탠리공식유통사] 퀜처 H2.0 플로우스테이트 텀블러 591ml,"44,000원",일반/비IP 상품,https://gift.kakao.com/product/7868266,7868266,2026-09-22 10:32:38,44000,4만원대,일반구성,-9,False,compared
리빙 전체,12,캐릭터침구,생일/기념일선물추천 먼작귀 페이스 핸드워머 낮잠쿠션 (치이카와/가르마/토끼/해달/하늘다람쥐/밤만쥬) 옵션 생일 기념일 집들이 선물 추천,"22,900원",먼작귀/치이카와,https://gift.kakao.com/product/7355950,7355950,2026-09-22 10:32:38,22900,2만원대,일반구성,3,False,compared
리빙 전체,13,캐릭터침구,선물만족도 BEST [단독] 가나디 바디필로우 2종 (나안아/라잉) 숙면 베개 애착 쿠션 집들이 대형필로우,"34,800원",가나디,https://gift.kakao.com/product/11743570,11743570,2026-09-22 10:32:38,34800,3만원대,단독구성,0,False,compared
리빙 전체,14,가나디,"가나디 마우스 손목 패드 (데스크테리어/생일/귀여운/우정/커플 선물) , 7,977","12,800원",가나디,https://gift.kakao.com/product/14096838,14096838,2026-09-22 10:32:38,12800,1만원대,일반구성,-7,False,compared
리빙 전체,15,빌레로이앤보흐,[Since1748] 빌레로이앤보흐 보스톤 고블렛 와인잔 화이트 310ml 2P 선물세트 7%,"52,000원",일반/비IP 상품,https://gift.kakao.com/product/2438319,2438319,2026-09-22 10:32:38,52000,5만원 이상,단독구성,-4,False,compared
리빙 전체,16,탬버린즈,카디퓨저 1위 [리본포장] 카 디퓨저 차량용 방향제,"46,500원",일반/비IP 상품,https://gift.kakao.com/product/9788037,9788037,2026-09-22 10:32:38,46500,4만원대,선물포장,5,False,compared
리빙 전체,17,그랑핸드,가벼운 선물 세트 [단독/] 그랑핸드 사쉐 2P SET (8종 택 2),"36,000원",일반/비IP 상품,https://gift.kakao.com/product/7343467,7343467,2026-09-22 10:32:38,36000,3만원대,단독구성,1,False,compared
리빙 전체,18,센느파리,"""BEST 선물추천 ""NEW 컬러""센느파리 크리스탈 와인잔 고블렛잔 2P세트 (7종) 신혼/집들이/생일/이사 홈파티 위스키잔 커피잔 추석 답례품 26% 프리미엄 더스트백+쇼핑백","57,900원",일반/비IP 상품,https://gift.kakao.com/product/10841578,10841578,2026-09-22 10:32:38,57900,5만원 이상,단독구성,9,False,compared
리빙 전체,19,레고트,루프 텀블러 멀티 600ml (7 colors),"37,000원",일반/비IP 상품,https://gift.kakao.com/product/11264836,11264836,2026-09-22 10:32:38,37000,3만원대,일반구성,27,False,compared
리빙 전체,20,스탠리,[스탠리공식유통사] 아이스플로우 플립 스트로 2.0 텀블러 887ml,"49,000원",일반/비IP 상품,https://gift.kakao.com/product/7868778,7868778,2026-09-22 10:32:38,49000,4만원대,일반구성,2,False,compared
리빙 전체,21,알럽하우스(소품),의외로 찐시원해 힐링 휴대용 마사지 귀여운 문어괄사 옥토캔 생일 직장동료 건강 행운 친구 합격 부적 퇴사 응원 시험 수능 쓸데없는신박한 맛사지,"8,900원",일반/비IP 상품,https://gift.kakao.com/product/10974656,10974656,2026-09-22 10:32:39,8900,1만원 미만,일반구성,32,False,compared
리빙 전체,22,바자르,누적1위 [단독] 6종 39컬러 바자르 BEST 사계절 차렵이불세트/단품 모음 (SS/Q균일가) 생일 집들이선물 자취선물 커피 키프티콘,"44,900원",일반/비IP 상품,https://gift.kakao.com/product/1308578,1308578,2026-09-22 10:32:39,44900,4만원대,단독구성,13,False,compared
리빙 전체,23,스탠리,[스탠리공식유통사] 퀜처 H2.0 플로우스테이트 텀블러 591ml 손잡이형,"46,000원",일반/비IP 상품,https://gift.kakao.com/product/11779291,11779291,2026-09-22 10:32:39,46000,4만원대,일반구성,-7,False,compared
리빙 전체,24,로에,신규향 출시 LOE 카 디퓨저 : 케이스+발향용 카트리지 1개입 세트 (차량용 방향제),"38,000원",일반/비IP 상품,https://gift.kakao.com/product/12906542,12906542,2026-09-22 10:32:39,38000,3만원대,단독구성,7,False,compared
리빙 전체,25,로에,NEW디자인 단독/행운선물 LOE 달항아리 디퓨저 선물세트 - 생화향 하쉬그린 10%,"32,400원",일반/비IP 상품,https://gift.kakao.com/product/12856389,12856389,2026-09-22 10:32:39,32400,3만원대,단독구성,1,False,compared
리빙 전체,26,광주요,[단독 컬러] 광주요 캐주얼라인 소리잔 2P (술잔/막걸리잔/디저트볼/고블렛잔) 26% 나눌수록 커지는 10+1,"34,000원",일반/비IP 상품,https://gift.kakao.com/product/1186213,1186213,2026-09-22 10:32:39,34000,3만원대,단독구성,25,False,compared
리빙 전체,27,알럽하우스,생일에는 정품이지 산리오 한교동 도자기 시리얼볼 요거트볼 예쁜 그릇 컵 자취 생일 집들이 행운 직장동료 가벼운 홈카페 밥그릇,"13,800원","산리오(한교동), 산리오(기타/통합)",https://gift.kakao.com/product/12455527,12455527,2026-09-22 10:32:39,13800,1만원대,일반구성,11,False,compared
리빙 전체,28,가나디,가나디 털 실내화 2size (룸슈즈/층간소음/사무실/학생/직장인) 10%,"15,000원",가나디,https://gift.kakao.com/product/12345352,12345352,2026-09-22 10:32:39,15000,1만원대,일반구성,1,False,compared
리빙 전체,29,스탠리,[스탠리공식유통사] 카페 투 고 트래블 머그 473ml,"42,000원",일반/비IP 상품,https://gift.kakao.com/product/11483865,11483865,2026-09-22 10:32:39,42000,4만원대,일반구성,3,False,compared
리빙 전체,30,스탠리,[스탠리공식유통사] 퀜처 프로투어 플립 스트로 텀블러 887ml,"54,000원",일반/비IP 상품,https://gift.kakao.com/product/11144932,11144932,2026-09-22 10:32:39,54000,5만원 이상,일반구성,-21,False,compared
리빙 전체,31,앨리건트테이블,[우드티포크2p이벤트] 헤움 무광 티타임 세트4p선물세트 고블렛 디저트 플레이트 크리스마스,"36,500원",일반/비IP 상품,https://gift.kakao.com/product/7734041,7734041,2026-09-22 10:32:39,36500,3만원대,단독구성,-1,False,compared
리빙 전체,32,가나디,"가나디 파자마 러그 (러그/미니러그/인테리어/자취/원룸/집들이선물) , 6,074","17,800원",가나디,https://gift.kakao.com/product/14096524,14096524,2026-09-22 10:32:39,17800,1만원대,일반구성,-8,False,compared
리빙 전체,33,스탠리,[스탠리공식유통사] 카페 투 고 트래블 머그 354ml,"35,000원",일반/비IP 상품,https://gift.kakao.com/product/11483949,11483949,2026-09-22 10:32:39,35000,3만원대,일반구성,-8,False,compared
리빙 전체,34,명퉤,명퉤 길운 오행 염주,"29,900원",일반/비IP 상품,https://gift.kakao.com/product/12639125,12639125,2026-09-22 10:32:39,29900,2만원대,일반구성,-11,False,compared
리빙 전체,35,렉슨,"단독컬러 & 세트 [렉슨 미나S + 코스터 세트] 집들이 결혼 출산 돌 선물, 스몰럭셔리 버섯조명 무드등 9%","42,500원",일반/비IP 상품,https://gift.kakao.com/product/2616320,2616320,2026-09-22 10:32:39,42500,4만원대,단독구성,1,False,compared
리빙 전체,36,잼먹,"하드케이스 ""생일/선물추천"" 잼먹 라벨프린터 휴대용 라벨기 라벨프린터기 네임스티커","43,800원",일반/비IP 상품,https://gift.kakao.com/product/11368084,11368084,2026-09-22 10:32:39,43800,4만원대,각인/자수,12,False,compared
리빙 전체,37,오센트,오센트 산리오캐릭터즈 행잉 퍼퓸 SET(본품+추가 리필),"33,300원",산리오(기타/통합),https://gift.kakao.com/product/13015264,13015264,2026-09-22 10:32:39,33300,3만원대,일반구성,3,False,compared
리빙 전체,38,산타마리아노벨라,[] 1221 왁스 타블렛 2개입 (9종 택1) 5%,"46,550원",일반/비IP 상품,https://gift.kakao.com/product/2338456,2338456,2026-09-22 10:32:39,46550,4만원대,일반구성,-18,False,compared
리빙 전체,39,가나디,"가나디 머그 인형 봉제 연필꽂이 (귀여운/생일/가벼운 선물) , 2,028","12,800원",가나디,https://gift.kakao.com/product/14256681,14256681,2026-09-22 10:32:39,12800,1만원대,일반구성,4,False,compared
리빙 전체,40,스타벅스(공식스토어),"""핑크파우치+무료각인"" [각인] 뉴턴 하우스 텀블러 355ml (3종 택 1) +에코텀블러음료쿠폰() 10%","31,500원",일반/비IP 상품,https://gift.kakao.com/product/9158489,9158489,2026-09-22 10:32:39,31500,3만원대,각인/자수,-7,False,compared
리빙 전체,41,오브제바이쿤달(디퓨저),집들이/이사/결혼 [단독/테라리움] 오브제바이쿤달 퍼퓸 볼케니크 스톤디퓨저 기프트 세트 테라리움,"34,500원",일반/비IP 상품,https://gift.kakao.com/product/5392184,5392184,2026-09-22 10:32:39,34500,3만원대,단독구성,3,False,compared
리빙 전체,42,피에브,향기로운 선물 피에브 에어워셔 고체 탈취제 250g 3개 SET + 쇼핑백 1개 하수구 냉장고 화장실 실내 냄새 제거,"56,400원",일반/비IP 상품,https://gift.kakao.com/product/12658647,12658647,2026-09-22 10:32:39,56400,5만원 이상,일반구성,-8,False,compared
리빙 전체,43,위프,"""자극없는 탈취선물"" 위프 에브리모먼트 실내탈취제 300g(7종 택 1) , 5,391","21,500원",일반/비IP 상품,https://gift.kakao.com/product/13709951,13709951,2026-09-22 10:32:40,21500,2만원대,일반구성,4,False,compared
리빙 전체,44,캐릭터침구,"[단독] ""오둥이 입니다만"" 오둥이 모찌 바디필로우 & 오둥이 모찌 뚱쿠션","29,800원",캐릭터/팬시-침구,https://gift.kakao.com/product/5328353,5328353,2026-09-22 10:32:40,29800,2만원대,단독구성,10,False,compared
리빙 전체,45,다니엘트루스,"""시그니처 밤쉘루스"" 룸 스프레이 100ml (미니오일퍼퓸 트루스 퍼플 No.1 ) 5% 오일퍼퓸 트루스 퍼플 No.1","54,150원",일반/비IP 상품,https://gift.kakao.com/product/11072654,11072654,2026-09-22 10:32:40,54150,5만원 이상,일반구성,10,False,compared
리빙 전체,46,스탠리,"[스탠리공식유통사] 에브리데이 서버번 머그 473ml , 9,888","38,000원",일반/비IP 상품,https://gift.kakao.com/product/12339610,12339610,2026-09-22 10:32:40,38000,3만원대,일반구성,11,False,compared
리빙 전체,47,오덴세,[카카오단독컬러] 투웨이 루프 텀블러 720ml (12 colors),"39,000원",일반/비IP 상품,https://gift.kakao.com/product/12694903,12694903,2026-09-22 10:32:40,39000,3만원대,단독구성,-5,False,compared
리빙 전체,48,프렌즈리빙,"[새차선물/첫차선물] ""상쾌한 향기가 솔솔"" 톰과 제리X카카오프렌즈 차량방향제_라이언&춘식이","22,000원","카카오프렌즈(춘식이), 카카오프렌즈(라이언), 카카오프렌즈(기타/통합), 톰과제리",https://gift.kakao.com/product/10383477,10383477,2026-09-22 10:32:40,22000,2만원대,일반구성,8,False,compared
리빙 전체,49,테리파머,생일/결혼/집들이 테리파머 선물추천 200g 호텔수건 10장 / 고중량 수건 선염 5장 수건세트 수건선물세트 타올세트 타올 타월 신혼 이사 자취 29% 리본 포장+선물박스,"35,900원",일반/비IP 상품,https://gift.kakao.com/product/927193,927193,2026-09-22 10:32:40,35900,3만원대,"선물포장, 단독구성",-30,False,compared
리빙 전체,50,헤트라스,헤트라스 프리미엄 대용량 디퓨저 500ml x 2개입 선물세트,"18,800원",일반/비IP 상품,https://gift.kakao.com/product/5872250,5872250,2026-09-22 10:32:40,18800,1만원대,단독구성,-9,False,compared
리빙 전체,51,르크루제,"[쇼핑백 ] [르크루제] ""카카오단독 넥타르 컬러"" 마시멜로 머그 380ml 2P세트","53,000원",일반/비IP 상품,https://gift.kakao.com/product/7833932,7833932,2026-09-22 10:32:40,53000,5만원 이상,단독구성,-12,False,compared
리빙 전체,52,에이센트,NEW 디자인출시 [오일/쇼핑백] 에이센트 오브제 스톤디퓨저ㅣ방향제/인테리어/화산석/디퓨져/선물/결혼,"30,000원",일반/비IP 상품,https://gift.kakao.com/product/8027618,8027618,2026-09-22 10:32:40,30000,3만원대,일반구성,12,False,compared
리빙 전체,53,스탠리,[스탠리공식유통사] 아이스플로우 플립 스트로 2.0 텀블러 591ml,"44,000원",일반/비IP 상품,https://gift.kakao.com/product/7868895,7868895,2026-09-22 10:32:40,44000,4만원대,일반구성,10,False,compared
리빙 전체,54,코코도르,카드 시그니처컬렉션 디퓨저 50ml 3개입 선물세트 베스트향 향기선물 추천 | 가벼운선물 답례품 추천 메세지카드,"9,900원",일반/비IP 상품,https://gift.kakao.com/product/12052130,12052130,2026-09-22 10:32:40,9900,1만원 미만,단독구성,17,False,compared
리빙 전체,55,캐릭터침구,"생일/집들이선물추천 먼작귀 굿즈 발매트 러그 인테리어소품 선물 5종옵션 택1 (치이카와/가르마/토끼/밤만쥬/하늘다람쥐) , 9,992","16,900원",먼작귀/치이카와,https://gift.kakao.com/product/7896387,7896387,2026-09-22 10:32:40,16900,1만원대,일반구성,3,False,compared
리빙 전체,56,바나코(인테리어),집들이/신혼/생일 [발매트+룸슈즈2] 바나코 코지 룸 홈 기프트 세트 ㅣ 실내화 호텔 수건 결혼 감성 선물 답례품 이사 자취 여자 남자 친구 15%,"37,900원",일반/비IP 상품,https://gift.kakao.com/product/13255931,13255931,2026-09-22 10:32:40,37900,3만원대,단독구성,12,False,compared
리빙 전체,57,굴강,베스트셀러 [누적판매15만] 웃긴 티셔츠(13종 택1) 재미있는 쓸데있는 옷 라운드 선글라스,"16,900원",일반/비IP 상품,https://gift.kakao.com/product/9235675,9235675,2026-09-22 10:32:40,16900,1만원대,일반구성,10,False,compared
리빙 전체,58,가나디,생일/집들이/결혼 가나디 타월 4P 세트 (이사/집들이/자취/신혼/답례/수건),"32,800원",가나디,https://gift.kakao.com/product/13576180,13576180,2026-09-22 10:32:40,32800,3만원대,단독구성,3,False,compared
리빙 전체,59,캐릭터침구,"[단독] ""잘자요 꿀린이"" 꿀린이 기린 모찌 바디필로우","29,900원",캐릭터/팬시-침구,https://gift.kakao.com/product/5328905,5328905,2026-09-22 10:32:40,29900,2만원대,단독구성,10,False,compared
리빙 전체,60,제이블룸(팬시),비누 크런치 슬랑이 외 크랑이 스트레스볼 말랑이 슬라임 시퀴시 타바 ASMR 모음 땅콩 크랑이 이벤트,"9,900원",캐릭터/팬시-팬시굿즈,https://gift.kakao.com/product/13711010,13711010,2026-09-22 10:32:40,9900,1만원 미만,일반구성,13,False,compared
리빙 전체,61,레나에너지,[복이 넘쳐나길] 홈 무드 램프 트리오[3종세트] 조명 무드등 액막이 인테리어 신혼 자취 이사 집들이 감사 응원 행운 선물 8% 포토리뷰 작성시 커피,"54,900원",일반/비IP 상품,https://gift.kakao.com/product/12863170,12863170,2026-09-22 10:32:40,54900,5만원 이상,단독구성,-2,False,compared
리빙 전체,62,바나코(생활),집들이/신혼/생일 [슬리퍼+칫솔+수건3] 바나코 홈 기프트 세트 (2인세트) 실내화 호텔 수건 결혼 감성 선물 답례품 이사 자취 여자 남자 친구 10%,"44,900원",일반/비IP 상품,https://gift.kakao.com/product/11916155,11916155,2026-09-22 10:32:40,44900,4만원대,단독구성,-2,False,compared
리빙 전체,63,가나디,우정/커플템 가나디 슬리퍼 (사무실/학교/욕실화/실내화/층간소음/집들이/이사/EVA/미끄럼방지),"14,800원",가나디,https://gift.kakao.com/product/13323540,13323540,2026-09-22 10:32:40,14800,1만원대,일반구성,18,False,compared
리빙 전체,64,코코도르,best 향 모음 시그니처컬렉션 디퓨저 50ml 8개입 선물세트 베스트향 모음 향기선물 추천 | 특별한 선물 이사선물 집들이선물 답례품 메세지카드,"15,800원",일반/비IP 상품,https://gift.kakao.com/product/12052861,12052861,2026-09-22 10:32:40,15800,1만원대,단독구성,2,False,compared
리빙 전체,65,스탠리,[스탠리공식유통사] 퀜처 프로투어 플립 스트로 텀블러 591ml,"48,000원",일반/비IP 상품,https://gift.kakao.com/product/11801920,11801920,2026-09-22 10:32:40,48000,4만원대,일반구성,-13,False,compared
리빙 전체,66,피에브,향기로운 선물 피에브 에어워셔 고체 탈취제 250g 향 5종 화장실 하수구 냉장고 냄새,"19,800원",일반/비IP 상품,https://gift.kakao.com/product/12658736,12658736,2026-09-22 10:32:40,19800,1만원대,일반구성,NEW,True,new
리빙 전체,67,캐릭터주방,"""1인 라면 그릇 선물 추천"" 담곰이 면기 세트 (스푼 포함 구성)","15,800원",캐릭터/팬시-주방,https://gift.kakao.com/product/10468609,10468609,2026-09-22 10:32:40,15800,1만원대,단독구성,15,False,compared
리빙 전체,68,댄꼼마,"""집들이 선물 추천"" 짱구 식기세트(4P) [밥그릇, 국그릇, 컵, 미니그릇 세트/정품인증] , 6,919","29,900원",짱구,https://gift.kakao.com/product/12786916,12786916,2026-09-22 10:32:40,29900,2만원대,단독구성,NEW,True,new
리빙 전체,69,코토나,생일/결혼/집들이 [] 코토나 페이보릿 세트 타월 5P 호텔 수건 순면 40수 고중량 200g 타올 5장 친구 자취 추석 선물 신혼 이사 14%,"55,800원",일반/비IP 상품,https://gift.kakao.com/product/11017813,11017813,2026-09-22 10:32:40,55800,5만원 이상,단독구성,1,False,compared
리빙 전체,70,비비앙,"""성수품절대란"" [힐링선물] 퍼퓸 룸 스프레이 섬유탈취제 섬유향수 +","16,900원",일반/비IP 상품,https://gift.kakao.com/product/12591086,12591086,2026-09-22 10:32:40,16900,1만원대,일반구성,6,False,compared
리빙 전체,71,웨지우드,"[웨지우드] 페스티비티 27cm 디너플레이트 2P 선물 세트 3% , 7,763","59,800원",일반/비IP 상품,https://gift.kakao.com/product/7900594,7900594,2026-09-22 10:32:40,59800,5만원 이상,단독구성,NEW,True,new
리빙 전체,72,일광전구,[리뷰이벤트/엽서] 일광전구 스노우맨8 포터블 결혼 집들이 신혼 출산 수유등 캠핑 피크닉 추석 10%,"36,000원",일반/비IP 상품,https://gift.kakao.com/product/10927891,10927891,2026-09-22 10:32:40,36000,3만원대,일반구성,2,False,compared
리빙 전체,73,위프,"위프 탈취제 300g 4개 , 2,318","52,900원",일반/비IP 상품,https://gift.kakao.com/product/12537860,12537860,2026-09-22 10:32:41,52900,5만원 이상,일반구성,-24,False,compared
리빙 전체,74,미뇽맨션,"[사쉐 3종 세트] 슬리핑 뚱냥이 고양이 사쉐 수면 인형 방향제 집들이 추석 선물 , 6,241","24,900원",기타 캐릭터/팬시,https://gift.kakao.com/product/13871890,13871890,2026-09-22 10:32:41,24900,2만원대,단독구성,NEW,True,new
리빙 전체,75,가나디,"가나디 홀더 키링 (귀여운/휴대용컵홀더/다용도/키링) , 8,241","16,300원",가나디,https://gift.kakao.com/product/13881169,13881169,2026-09-22 10:32:41,16300,1만원대,일반구성,-25,False,compared
리빙 전체,76,레나에너지,삶의 질 수직 상승 [메쉬커버]간편한 미니 리모컨 무드등 인테리어 조명 수유등 집들이 생일 자취 이사 친구 가벼운 선물 18% 포토리뷰 작성시 커피,"12,900원",일반/비IP 상품,https://gift.kakao.com/product/12064934,12064934,2026-09-22 10:32:41,12900,1만원대,일반구성,-11,False,compared
리빙 전체,77,캐릭터주방,가나디 페이스 머그 (자취/생일/홈카페/집들이/응원선물),"16,800원",가나디,https://gift.kakao.com/product/12820960,12820960,2026-09-22 10:32:41,16800,1만원대,일반구성,10,False,compared
리빙 전체,78,리베르,섬유향수 1위 향기 선물 [] 섬유향수 섬유탈취제 100ML 감사 카드,"15,800원",일반/비IP 상품,https://gift.kakao.com/product/5431120,5431120,2026-09-22 10:32:41,15800,1만원대,일반구성,-1,False,compared
리빙 전체,79,미뇽맨션,"[누적판매 23만건, 키링, 사쉐 ] 뚱냥이 바디필로우 캣 쿠션 수면 집들이 선물 사쉐, 아크릴 키링","13,800원",일반/비IP 상품,https://gift.kakao.com/product/8091057,8091057,2026-09-22 10:32:41,13800,1만원대,일반구성,NEW,True,new
리빙 전체,80,헤이루미(키친),"[5종세트]5색 채소 미니 접시 세트|그릇 앞접시 브런치 자취 결혼 생일 집들이 이사 신혼 선물 , 7,468","16,900원",일반/비IP 상품,https://gift.kakao.com/product/12698675,12698675,2026-09-22 10:32:41,16900,1만원대,단독구성,NEW,True,new
리빙 전체,81,블루보틀,No.1 베스트셀러 [글로벌최초/단독런칭] 트래블 머그 20oz(591ml) 2color,"46,000원",일반/비IP 상품,https://gift.kakao.com/product/6989444,6989444,2026-09-22 10:32:41,46000,4만원대,단독구성,-19,False,compared
리빙 전체,82,오셀픽(리빙),오셀픽 기프트 세트 5P 호텔 수건 40수 고중량 타올 200g 감성 타월 답례 친구 신혼 이사 자취 27%,"28,900원",일반/비IP 상품,https://gift.kakao.com/product/14198013,14198013,2026-09-22 10:32:41,28900,2만원대,단독구성,1,False,compared
리빙 전체,83,Nounou 누누 (리빙),[NEW 와인잔/스페셜 기프트] NOUNOU 누누 와인잔 세트 (2종 중 택 1),"57,000원",일반/비IP 상품,https://gift.kakao.com/product/13681671,13681671,2026-09-22 10:32:41,57000,5만원 이상,단독구성,3,False,compared
리빙 전체,84,굴강,"""나에게 기대"" 테토남 빵빵이 팔베개 쿠션 [품절대란] 웃긴 침구 쓸데없는 자취 바디필로우 인형 쓸모없는 신박한 선물 , 9,829","17,900원",빵빵이,https://gift.kakao.com/product/12617143,12617143,2026-09-22 10:32:41,17900,1만원대,일반구성,NEW,True,new
리빙 전체,85,프렌즈인형/피규어,"[단독] ""행운과 평안을 기원한다냥"" 액막이 명태_그레이춘식이/춘식이/라이언/어피치/죠르디 (+고체방향제/자석고리 포함)","20,000원","카카오프렌즈(춘식이), 카카오프렌즈(라이언), 카카오프렌즈(어피치), 카카오프렌즈(죠르디)",https://gift.kakao.com/product/11566569,11566569,2026-09-22 10:32:41,20000,2만원대,단독구성,9,False,compared
리빙 전체,86,바쏠,[BEST] 바쏠 시리얼 볼+스푼 세트 2P (5종 택1/시리얼 ) 홈카페 집들이 귀여운 자취 그릇 생일 강아지 요거트볼 13% 그래놀라,"12,900원",일반/비IP 상품,https://gift.kakao.com/product/9742914,9742914,2026-09-22 10:32:41,12900,1만원대,단독구성,NEW,True,new
리빙 전체,87,앨리건트테이블,[우드티포크2p이벤트] 은설 무광 홈술세트 4p선물세트 신혼 집들이 결혼 선물,"35,800원",일반/비IP 상품,https://gift.kakao.com/product/9675371,9675371,2026-09-22 10:32:41,35800,3만원대,단독구성,-2,False,compared
리빙 전체,88,인형,리락쿠마 조리개 파우치 4종,"8,800원",리락쿠마,https://gift.kakao.com/product/13838069,13838069,2026-09-22 10:32:41,8800,1만원 미만,일반구성,NEW,True,new
리빙 전체,89,가나디,"가나디 미니 피규어 탁상 시계 (데스크테리어/생일/친구/응원) , 3,613","14,800원",가나디,https://gift.kakao.com/product/14096676,14096676,2026-09-22 10:32:41,14800,1만원대,일반구성,1,False,compared
리빙 전체,90,짱구(조명),친구/조카 선물! 짱구 흰둥이 배빵빵 무드등 인테리어 조명 무선 수유등 집들이 생일 친구 선물용 (어린이 안전확인 인증완료) 리뷰인증시 아아!,"9,900원",짱구,https://gift.kakao.com/product/12286765,12286765,2026-09-22 10:32:41,9900,1만원 미만,일반구성,NEW,True,new
리빙 전체,91,스탠리,"[스탠리공식유통사] 플로우스테이트 스프링 보틀 591ml , 8,589","46,000원",일반/비IP 상품,https://gift.kakao.com/product/13421555,13421555,2026-09-22 10:32:41,46000,4만원대,일반구성,5,False,compared
리빙 전체,92,오덴세,[카카오단독컬러] 투웨이 루프 텀블러 450ml (9 colors),"36,000원",일반/비IP 상품,https://gift.kakao.com/product/12694900,12694900,2026-09-22 10:32:41,36000,3만원대,단독구성,6,False,compared
리빙 전체,93,가나디,가나디 인형 뱃지 2종 택1 (생일/친구/귀여운/우정/커플/선물 추천),"7,800원",가나디,https://gift.kakao.com/product/14257107,14257107,2026-09-22 10:32:41,7800,1만원 미만,일반구성,NEW,True,new
리빙 전체,94,안경만두,"메가커피100% 안경만두 페이스 머그컵 (집들이/귀여운선물/홈카페/생일/이사/자취선물) , 3,354","16,900원",일반/비IP 상품,https://gift.kakao.com/product/13914979,13914979,2026-09-22 10:32:41,16900,1만원대,일반구성,6,False,compared
리빙 전체,95,레나에너지,"취향대로 PICK! 인기 무드등 5종 ""책을 좋아하는 너에게"" [하우스 북레스트 LED 무드등] 인테리어 스탠드 조명 생일 집들이 이사 신혼 집들이 감성 선물 선물하기 단독 북마크1P","29,800원",일반/비IP 상품,https://gift.kakao.com/product/11093567,11093567,2026-09-22 10:32:41,29800,2만원대,단독구성,NEW,True,new
리빙 전체,96,레고트,"루프 텀블러 멀티 400ml (7 colors) , 8,323","32,000원",일반/비IP 상품,https://gift.kakao.com/product/11264832,11264832,2026-09-22 10:32:41,32000,3만원대,일반구성,3,False,compared
리빙 전체,97,비아케이(주방),집들이/생일 (+코스터 )[2P세트] 플로라 웨이브 플레이트 2종세트 (S사이즈+플래터),"42,500원",일반/비IP 상품,https://gift.kakao.com/product/12439693,12439693,2026-09-22 10:32:41,42500,4만원대,단독구성,NEW,True,new
리빙 전체,98,바쏠,[] 오므라이스 플레이트 세트 (그릇1P+찬기2P) 집들이 생일 홈카페 고양이 자취 이사 식기 선물 아메리카노,"14,900원",일반/비IP 상품,https://gift.kakao.com/product/12702001,12702001,2026-09-22 10:32:42,14900,1만원대,단독구성,-7,False,compared
리빙 전체,99,Monchhichi,"몬치치 미니 사각 파우치 5종 택1 , 2,117","15,000원",몬치치,https://gift.kakao.com/product/13697772,13697772,2026-09-22 10:32:42,15000,1만원대,일반구성,NEW,True,new
리빙 전체,100,프렌즈리빙LC,"[단독] ""먹방 꿈나무"" 춘식이 손잡이 앞접시 2P 세트","14,800원",카카오프렌즈(춘식이),https://gift.kakao.com/product/5468690,5468690,2026-09-22 10:32:42,14800,1만원대,단독구성,NEW,True,new
팬시/문구/취미 (IP핵심),1,가나디,"인싸템 가나디 스트레스볼 인형 (모찌/말랑이/스트레스해소/스퀴시볼) , 8,414","16,300원",가나디,https://gift.kakao.com/product/13881148,13881148,2026-09-22 10:32:54,16300,1만원대,일반구성,1,False,compared
팬시/문구/취미 (IP핵심),2,가나디,귀여운 선물 가나디 복조리 파우치 (귀여운/휴대용/다용도파우치/생일),"12,000원",가나디,https://gift.kakao.com/product/13261876,13261876,2026-09-22 10:32:54,12000,1만원대,일반구성,1,False,compared
팬시/문구/취미 (IP핵심),3,가나디,"가나디 마우스 손목 패드 (데스크테리어/생일/귀여운/우정/커플 선물) , 7,977","12,800원",가나디,https://gift.kakao.com/product/14096838,14096838,2026-09-22 10:32:55,12800,1만원대,일반구성,-2,False,compared
팬시/문구/취미 (IP핵심),4,알럽하우스(소품),의외로 찐시원해 힐링 휴대용 마사지 귀여운 문어괄사 옥토캔 생일 직장동료 건강 행운 친구 합격 부적 퇴사 응원 시험 수능 쓸데없는신박한 맛사지,"8,900원",일반/비IP 상품,https://gift.kakao.com/product/10974656,10974656,2026-09-22 10:32:55,8900,1만원 미만,일반구성,3,False,compared
팬시/문구/취미 (IP핵심),5,잼먹,"하드케이스 ""생일/선물추천"" 잼먹 라벨프린터 휴대용 라벨기 라벨프린터기 네임스티커","43,800원",일반/비IP 상품,https://gift.kakao.com/product/11368084,11368084,2026-09-22 10:32:55,43800,4만원대,각인/자수,0,False,compared
팬시/문구/취미 (IP핵심),6,가나디,"가나디 머그 인형 봉제 연필꽂이 (귀여운/생일/가벼운 선물) , 2,028","12,800원",가나디,https://gift.kakao.com/product/14256681,14256681,2026-09-22 10:32:55,12800,1만원대,일반구성,-2,False,compared
팬시/문구/취미 (IP핵심),7,굴강,베스트셀러 [누적판매15만] 웃긴 티셔츠(13종 택1) 재미있는 쓸데있는 옷 라운드 선글라스,"16,900원",일반/비IP 상품,https://gift.kakao.com/product/9235675,9235675,2026-09-22 10:32:55,16900,1만원대,일반구성,1,False,compared
팬시/문구/취미 (IP핵심),8,제이블룸(팬시),비누 크런치 슬랑이 외 크랑이 스트레스볼 말랑이 슬라임 시퀴시 타바 ASMR 모음 땅콩 크랑이 이벤트,"9,900원",캐릭터/팬시-팬시굿즈,https://gift.kakao.com/product/13711010,13711010,2026-09-22 10:32:55,9900,1만원 미만,일반구성,1,False,compared
팬시/문구/취미 (IP핵심),9,가나디,"가나디 홀더 키링 (귀여운/휴대용컵홀더/다용도/키링) , 8,241","16,300원",가나디,https://gift.kakao.com/product/13881169,13881169,2026-09-22 10:32:55,16300,1만원대,일반구성,-3,False,compared
팬시/문구/취미 (IP핵심),10,프렌즈인형/피규어,"[단독] ""행운과 평안을 기원한다냥"" 액막이 명태_그레이춘식이/춘식이/라이언/어피치/죠르디 (+고체방향제/자석고리 포함)","20,000원","카카오프렌즈(춘식이), 카카오프렌즈(라이언), 카카오프렌즈(어피치), 카카오프렌즈(죠르디)",https://gift.kakao.com/product/11566569,11566569,2026-09-22 10:32:55,20000,2만원대,단독구성,2,False,compared
팬시/문구/취미 (IP핵심),11,인형,리락쿠마 조리개 파우치 4종,"8,800원",리락쿠마,https://gift.kakao.com/product/13838069,13838069,2026-09-22 10:32:55,8800,1만원 미만,일반구성,3,False,compared
팬시/문구/취미 (IP핵심),12,가나디,"가나디 미니 피규어 탁상 시계 (데스크테리어/생일/친구/응원) , 3,613","14,800원",가나디,https://gift.kakao.com/product/14096676,14096676,2026-09-22 10:32:55,14800,1만원대,일반구성,-1,False,compared
팬시/문구/취미 (IP핵심),13,가나디,가나디 인형 뱃지 2종 택1 (생일/친구/귀여운/우정/커플/선물 추천),"7,800원",가나디,https://gift.kakao.com/product/14257107,14257107,2026-09-22 10:32:55,7800,1만원 미만,일반구성,4,False,compared
팬시/문구/취미 (IP핵심),14,Monchhichi,"몬치치 미니 사각 파우치 5종 택1 , 2,117","15,000원",몬치치,https://gift.kakao.com/product/13697772,13697772,2026-09-22 10:32:55,15000,1만원대,일반구성,8,False,compared
팬시/문구/취미 (IP핵심),15,소프트해빗,"KC 인증 말랑이! [선물패키지] 크런치 슬랑이 말랑이 랜덤 3종 세트 (스트레스볼 스퀴시 촉감 쫀득 친구 커플 생일 축하 직장인 ASMR) 구매 시 파우치 ! , 7,851","16,900원",기타 캐릭터/팬시,https://gift.kakao.com/product/14150199,14150199,2026-09-22 10:32:55,16900,1만원대,"선물포장, 단독구성",1,False,compared
팬시/문구/취미 (IP핵심),16,한국조폐공사(굿즈),올포유 돈키링,"16,600원",일반/비IP 상품,https://gift.kakao.com/product/14313464,14313464,2026-09-22 10:32:55,16600,1만원대,일반구성,-1,False,compared
팬시/문구/취미 (IP핵심),17,19세 연령제한,굴강 금연 비눗방울 SET [빠른 배송] 스트레스 해소 노담배 자취 힐링 대학생 직장인 웃긴 신박한 쓸모없는 쓸데없는,"12,900원",일반/비IP 상품,https://gift.kakao.com/product/13064170,13064170,2026-09-22 10:32:55,12900,1만원대,일반구성,-7,False,compared
팬시/문구/취미 (IP핵심),18,캐릭터침구,"친구/직장동료선물 먼작귀 온천가습기 미니가습기 USB 탁상용 사무실 캐릭터 가습기 , 2,132","35,000원",먼작귀/치이카와,https://gift.kakao.com/product/12319916,12319916,2026-09-22 10:32:55,35000,3만원대,일반구성,0,False,compared
팬시/문구/취미 (IP핵심),19,더 문,"[5천원의행복] 귀여운 미니미 ""크로버 키링"" 우정템 커플템 / 럭키빵행운의바다거북스트랩키링 , 5,087","5,000원",일반/비IP 상품,https://gift.kakao.com/product/12222102,12222102,2026-09-22 10:32:55,5000,1만원 미만,일반구성,7,False,compared
팬시/문구/취미 (IP핵심),20,프렌즈인형/피규어,"""짱구의 최애 과자 초코비의 마스코트"" 짱구는 못말려X카카오프렌즈 와니야마상 키링인형_춘식이","16,000원","카카오프렌즈(춘식이), 카카오프렌즈(기타/통합), 짱구",https://gift.kakao.com/product/14169476,14169476,2026-09-22 10:32:55,16000,1만원대,일반구성,1,False,compared
팬시/문구/취미 (IP핵심),21,가나디,귀여운 선물 가나디 인형 키링 7종 택1 (생일/귀여운/우정/커플 선물),"16,300원",가나디,https://gift.kakao.com/product/11734230,11734230,2026-09-22 10:32:55,16300,1만원대,일반구성,4,False,compared
팬시/문구/취미 (IP핵심),22,굴강,"""명령하지 마라"" 마라 티셔츠 [6종 택1] 자신감 직장인 친구 명령하지 꺼드럭대지 마라 자취 응원 재미있는 웃긴 쓸모없는 쓸데없는 신박한 선물","16,900원",일반/비IP 상품,https://gift.kakao.com/product/12059249,12059249,2026-09-22 10:32:55,16900,1만원대,일반구성,-2,False,compared
팬시/문구/취미 (IP핵심),23,가나디,가나디 미니 배낭 파우치 키링 (생일/귀여운/우정/커플/가벼운 선물),"14,800원",가나디,https://gift.kakao.com/product/14256740,14256740,2026-09-22 10:32:55,14800,1만원대,일반구성,-4,False,compared
팬시/문구/취미 (IP핵심),24,데데리트,"데데리트 소리나는 웃긴사운드 오이이아이 우는 고양이 키링 인형 틱톡 sns 밈 사운드 귀여운 키홀더 생일 친구 커플 추석 선물 , 9,992","7,200원",기타 캐릭터/팬시,https://gift.kakao.com/product/12054525,12054525,2026-09-22 10:32:55,7200,1만원 미만,일반구성,6,False,compared
팬시/문구/취미 (IP핵심),25,프렌즈인형/피규어,"""짱구와 춘식이의 유쾌한 고구마 농장 이야기"" 짱구는 못말려X카카오프렌즈 랜덤 피규어_춘식이","20,000원","카카오프렌즈(춘식이), 카카오프렌즈(기타/통합), 짱구",https://gift.kakao.com/product/14169756,14169756,2026-09-22 10:32:55,20000,2만원대,일반구성,-12,False,compared
팬시/문구/취미 (IP핵심),26,프렌즈인형/피규어,"""짱구와 춘식이와 함께 포근한 꿈나라"" 짱구는 못말려X카카오프렌즈 파자마 키링인형_짱구/춘식이","18,000원","카카오프렌즈(춘식이), 카카오프렌즈(기타/통합), 짱구",https://gift.kakao.com/product/14169381,14169381,2026-09-22 10:32:55,18000,1만원대,일반구성,-3,False,compared
팬시/문구/취미 (IP핵심),27,가나디,"학생/직장인선물추천 가나디 모니터 봉제 인형 2P 세트 (학생/직장인/데스크테리어/응원/취업/이직선물) , 9,161","18,800원",가나디,https://gift.kakao.com/product/12820476,12820476,2026-09-22 10:32:56,18800,1만원대,단독구성,18,False,compared
팬시/문구/취미 (IP핵심),28,헬로키티x지수,"헬로키티X지수 플러시키링 단품(랜덤 1종 발송) , 3,571","34,000원",산리오(헬로키티),https://gift.kakao.com/product/13008650,13008650,2026-09-22 10:32:56,34000,3만원대,일반구성,3,False,compared
팬시/문구/취미 (IP핵심),29,프렌즈인형/피규어,"""액션빔 발사!"" 짱구는 못말려X카카오프렌즈 LED 피규어 키링_춘식이","18,000원","카카오프렌즈(춘식이), 카카오프렌즈(기타/통합), 짱구",https://gift.kakao.com/product/14169825,14169825,2026-09-22 10:32:56,18000,1만원대,일반구성,5,False,compared
팬시/문구/취미 (IP핵심),30,굴강,"""주님 도와주세요"" 예수님 인형 팔베개 쿠션 안정감 친구 신박한 선물","17,900원",기타 캐릭터/팬시,https://gift.kakao.com/product/13781031,13781031,2026-09-22 10:32:56,17900,1만원대,일반구성,-3,False,compared
팬시/문구/취미 (IP핵심),31,빛내는사람들(팬시),"생일/귀여운 선물 럭키 고슴도치 키링 네잎클로버 행운 열쇠고리 수능 합격 부적 학생 응원 커플템 남자 여자 친구 취업 졸업 시험 선물 100일 10% , 7,481","8,800원",일반/비IP 상품,https://gift.kakao.com/product/11985626,11985626,2026-09-22 10:32:56,8800,1만원 미만,일반구성,2,False,compared
팬시/문구/취미 (IP핵심),32,알럽하우스(소품),나 지금 진지해 모아이 안경 거치대 웃긴 선물 선글라스 귀여운 인형 키링 남자 선물 쓸데없는 신박한 생일 커플 합격 부적 응원 시험 수능 선물,"8,900원",기타 캐릭터/팬시,https://gift.kakao.com/product/10940152,10940152,2026-09-22 10:32:56,8900,1만원 미만,일반구성,-8,False,compared
팬시/문구/취미 (IP핵심),33,망그러진 곰,"[잡화]아기 인형 키링_두산베어스x망그러진 곰 , 5,729","20,000원",망그러진 곰/망곰,https://gift.kakao.com/product/13688912,13688912,2026-09-22 10:32:56,20000,2만원대,일반구성,NEW,True,new
팬시/문구/취미 (IP핵심),34,아이데이지,"네잎클로버가방 귀여운 검은 고양이 키링 깜냥이 깜고 동물 인형 삑삑이 가방 열쇠 고리 웃긴 생일 행운 쓸데없는 신박한 선물 8% , 7,544","5,400원",기타 캐릭터/팬시,https://gift.kakao.com/product/12084556,12084556,2026-09-22 10:32:56,5400,1만원 미만,일반구성,-5,False,compared
팬시/문구/취미 (IP핵심),35,프렌즈리빙LC,"NEW 코스튬 춘식이 드레스업 인형 키링 의상 21종 택1 트렌치 키홀더 가방 열쇠고리 친구 응원 생일 커플 여자 응원 추석 선물 , 8,325","12,900원",카카오프렌즈(춘식이),https://gift.kakao.com/product/7921281,7921281,2026-09-22 10:32:56,12900,1만원대,일반구성,40,False,compared
팬시/문구/취미 (IP핵심),36,가나디,"가나디 릴키링 파우치 (귀여운/휴대용/파우치키링/생일) , 4,470","18,000원",가나디,https://gift.kakao.com/product/13436067,13436067,2026-09-22 10:32:56,18000,1만원대,일반구성,NEW,True,new
팬시/문구/취미 (IP핵심),37,굴강,"""작고 하찮은"" 원숭이 관절 인형 자취 귀여운 여자선물 재미있는 웃긴 쓸데없는 쓸모없는 신박한 선물 , 3,255","9,900원",기타 캐릭터/팬시,https://gift.kakao.com/product/12365669,12365669,2026-09-22 10:32:56,9900,1만원 미만,일반구성,1,False,compared
팬시/문구/취미 (IP핵심),38,먼작귀(치이카와),먼작귀 티코시 1+1 랜덤 박스 가방 백참 치이카와 랏코 자석 자수 와펜 (8종 중 랜덤발송),"15,400원",먼작귀/치이카와,https://gift.kakao.com/product/14099592,14099592,2026-09-22 10:32:56,15400,1만원대,각인/자수,29,False,compared
팬시/문구/취미 (IP핵심),39,아이데이지,복을 부르는 거북이 [클로버 키링 ] 귀여운 엉금엉금 거북이 키링 인형 동물 열쇠고리 가방 고리 생일 행운 쓸데없는 신박한 선물 아크릴 클로버 키링 행사,"4,500원",기타 캐릭터/팬시,https://gift.kakao.com/product/7478825,7478825,2026-09-22 10:32:56,4500,1만원 미만,일반구성,25,False,compared
팬시/문구/취미 (IP핵심),40,레토(생활),히든을 뽑아보자! 아따맘마 7종 랜덤 키링 굿즈 인형 친구 캐릭터 선물 리뷰인증시 아아!,"7,900원",기타 캐릭터/팬시,https://gift.kakao.com/product/14060483,14060483,2026-09-22 10:32:56,7900,1만원 미만,일반구성,36,False,compared
팬시/문구/취미 (IP핵심),41,굴강,"""남자의 상징"" 황금 용 팬티 [1+1] 친구 자취 액막이 남자 행운 쓸모없는 쓸데없는 신박한 선물 , 5,717","9,900원",일반/비IP 상품,https://gift.kakao.com/product/7795875,7795875,2026-09-22 10:32:56,9900,1만원 미만,일반구성,0,False,compared
팬시/문구/취미 (IP핵심),42,페팃,"[] 시그니처 북커버 9컬러 (기프트 패키지+기프트 카드) 20% , 1,484","36,000원",일반/비IP 상품,https://gift.kakao.com/product/13466293,13466293,2026-09-22 10:32:56,36000,3만원대,선물포장,37,False,compared
팬시/문구/취미 (IP핵심),43,트렌디홈,"귀여운선물 레트로 무드 데스크테리어! 스트라이프 키티 펜꽂이 브러쉬홀더 연필꽂이 책상정리 , 1,905","7,900원",산리오(헬로키티),https://gift.kakao.com/product/12956735,12956735,2026-09-22 10:32:56,7900,1만원 미만,일반구성,4,False,compared
팬시/문구/취미 (IP핵심),44,제이블룸(팬시),"꾸덕 대왕 치즈 슬랑이 말랑이 / [1+1] 꾸덕 치즈 슬랑이 말랑이 스퀴시 스트레스볼 쫀득볼 땅콩 크랑이 이벤트 , 1,857","9,900원",캐릭터/팬시-팬시굿즈,https://gift.kakao.com/product/13673431,13673431,2026-09-22 10:32:56,9900,1만원 미만,일반구성,12,False,compared
팬시/문구/취미 (IP핵심),45,모렌츠,"생일/귀여운 선물 다 잘될거야 키캡 키링 응원 네잎클로버 행운 고양이 시험 합격 취업 선물 졸업 부적 커플템 남자 여자 친구 수능 100일 3% , 3,477","7,600원",일반/비IP 상품,https://gift.kakao.com/product/13849013,13849013,2026-09-22 10:32:56,7600,1만원 미만,일반구성,9,False,compared
팬시/문구/취미 (IP핵심),46,트렌디홈,"귀여운선물 책상 위 포인트! 핑크키티 펜꽂이 키티 헤어고정핀 브러쉬홀더 연필꽂이 책상정리 데스크테리어 , 4,782","5,900원",산리오(헬로키티),https://gift.kakao.com/product/12668199,12668199,2026-09-22 10:32:56,5900,1만원 미만,일반구성,11,False,compared
팬시/문구/취미 (IP핵심),47,포켓몬스터(완구),"""포켓몬 탁상시계"" 포켓몬 테마시계 피규어 4종중 택1 , 1,981","16,000원",포켓몬,https://gift.kakao.com/product/13763303,13763303,2026-09-22 10:32:56,16000,1만원대,일반구성,-12,False,compared
팬시/문구/취미 (IP핵심),48,퍼글러,"퍼글러(FUGGLER) 스폰지밥 키링 (5종/택1) , 7,477","15,000원","스폰지밥, 퍼글러",https://gift.kakao.com/product/12551938,12551938,2026-09-22 10:32:56,15000,1만원대,일반구성,-8,False,compared
팬시/문구/취미 (IP핵심),49,가나디,"여름휴가준비 가나디 레디백 (기내용/미니캐리어/캠핑/차박/여행가방) , 6,504","31,800원",가나디,https://gift.kakao.com/product/13450660,13450660,2026-09-22 10:32:56,31800,3만원대,일반구성,-17,False,compared
팬시/문구/취미 (IP핵심),50,프렌즈인형/피규어,"""승리요정 춘식이"" 프로야구단 승리요정 키링인형_춘식이 , 6,182","20,000원",카카오프렌즈(춘식이),https://gift.kakao.com/product/13589381,13589381,2026-09-22 10:32:57,20000,2만원대,일반구성,19,False,compared
팬시/문구/취미 (IP핵심),51,프렌즈인형/피규어,"""귀여운 흰둥이를 콕콕"" 짱구는 못말려X카카오프렌즈 흰둥이 클리커 키링_춘식이","18,000원","카카오프렌즈(춘식이), 카카오프렌즈(기타/통합), 짱구",https://gift.kakao.com/product/14169873,14169873,2026-09-22 10:32:57,18000,1만원대,일반구성,9,False,compared
팬시/문구/취미 (IP핵심),52,마인크래프트,"마인크래프트 피규어 키링 S2(랜덤발송) , 3,179","7,900원",일반/비IP 상품,https://gift.kakao.com/product/10941248,10941248,2026-09-22 10:32:57,7900,1만원 미만,일반구성,11,False,compared
팬시/문구/취미 (IP핵심),53,데데리트,데데리트 귀여운 미니 레트로 카세트 녹음 키링 음성 음악 재생 뮤직 플레이어 가방 열쇠고리 생일 친구 커플 명절 추석 선물,"7,900원",일반/비IP 상품,https://gift.kakao.com/product/11366993,11366993,2026-09-22 10:32:57,7900,1만원 미만,단독구성,NEW,True,new
팬시/문구/취미 (IP핵심),54,빛내는사람들(팬시),"액운방지 고양이 흑요석 액막이 키링 학생 응원 합격 시험 수능 선물 명태 행운 부적 생일 남자 여자 커플템 취업 졸업 귀여운 100일 베스트 6% , 3,258","9,200원",일반/비IP 상품,https://gift.kakao.com/product/12522622,12522622,2026-09-22 10:32:57,9200,1만원 미만,일반구성,-2,False,compared
팬시/문구/취미 (IP핵심),55,Monchhichi,"몬치치 랜덤 키링 1개입 단품 , 1,450","13,000원",몬치치,https://gift.kakao.com/product/13663906,13663906,2026-09-22 10:32:57,13000,1만원대,일반구성,-9,False,compared
팬시/문구/취미 (IP핵심),56,프렌즈인형/피규어,"[결혼선물] ""세상에서 가장 사랑스러운 신랑 신부"" 해피웨딩춘 키링인형 세트_춘식이 , 1,873","32,000원",카카오프렌즈(춘식이),https://gift.kakao.com/product/13509211,13509211,2026-09-22 10:32:57,32000,3만원대,단독구성,9,False,compared
팬시/문구/취미 (IP핵심),57,프롭스,"운테리어 일막이 가디언주 액막이 인형 키링 럭키 프렌즈 모니터 피규어 럭키맥싱 집들이선물 17% , 6,435","13,900원",기타 캐릭터/팬시,https://gift.kakao.com/product/13330560,13330560,2026-09-22 10:32:57,13900,1만원대,일반구성,20,False,compared
팬시/문구/취미 (IP핵심),58,인형,"리락쿠마 필통 파우치 , 1,506","8,500원",리락쿠마,https://gift.kakao.com/product/13838085,13838085,2026-09-22 10:32:57,8500,1만원 미만,일반구성,-21,False,compared
팬시/문구/취미 (IP핵심),59,굴강,"[든든한 선물] 고릴라 팔베개 쿠션 자취 만우절 바디필로우 인형 웃긴 재미있는 쓸모없는 쓸데없는 신박한 선물 , 2,654","18,900원",기타 캐릭터/팬시,https://gift.kakao.com/product/12664646,12664646,2026-09-22 10:32:57,18900,1만원대,일반구성,-11,False,compared
팬시/문구/취미 (IP핵심),60,짱구(생활),"귀여움 주의! 짱아버젼도 출시! 짱구 액션가면 만년 달력 피규어 굿즈 리뷰인증시 아아! , 6,952","9,900원",짱구,https://gift.kakao.com/product/8242164,8242164,2026-09-22 10:32:57,9900,1만원 미만,일반구성,NEW,True,new
팬시/문구/취미 (IP핵심),61,코난,"명탐정 코난 랜덤 거울 펜던트 키링 15% , 1,865","8,500원",명탐정 코난,https://gift.kakao.com/product/14049180,14049180,2026-09-22 10:32:57,8500,1만원 미만,일반구성,-2,False,compared
팬시/문구/취미 (IP핵심),62,마크니,"BEST 귀여운선물 [카쇼라특가] 마크니 인형 키링 6종 미니 키링 가벼운선물 데일리선물 15% , 6,191","13,600원",기타 캐릭터/팬시,https://gift.kakao.com/product/11857070,11857070,2026-09-22 10:32:57,13600,1만원대,일반구성,-9,False,compared
팬시/문구/취미 (IP핵심),63,빛내는사람들(팬시),"생일/귀여운 선물 솜사탕 왁뿌볼 스퀴시 말랑이 슬랑이 슬라임 스트레스볼 남친 여친 힐링 촉감 크런치 학생 쓸데없는 신박한 선물 이상한 웃긴 왁뿌 8% , 4,022","7,200원",기타 캐릭터/팬시,https://gift.kakao.com/product/13613479,13613479,2026-09-22 10:32:57,7200,1만원 미만,일반구성,36,False,compared
팬시/문구/취미 (IP핵심),64,인형,리락쿠마 미니 파우치,"8,000원",리락쿠마,https://gift.kakao.com/product/14191242,14191242,2026-09-22 10:32:57,8000,1만원 미만,일반구성,-22,False,compared
팬시/문구/취미 (IP핵심),65,프렌즈인형/피규어,"""짱구와 즐거운 소풍"" 짱구는 못말려X카카오프렌즈 고구마농장 짱구 키링인형_춘식이","18,000원","카카오프렌즈(춘식이), 카카오프렌즈(기타/통합), 짱구",https://gift.kakao.com/product/14169190,14169190,2026-09-22 10:32:57,18000,1만원대,일반구성,-16,False,compared
팬시/문구/취미 (IP핵심),66,망그러진 곰,"[잡화]피규어 클리커 키링_캐치! 야구공 망곰_두산베어스x망그러진 곰 , 3,877","19,500원",망그러진 곰/망곰,https://gift.kakao.com/product/13689140,13689140,2026-09-22 10:32:57,19500,1만원대,일반구성,-11,False,compared
팬시/문구/취미 (IP핵심),67,다다랜드,"2개세트 ""스트레스 해소"" 컬러풀 트위스트 꼬불이 컬러 변화 팝튜브 손 장난감 스피드킹 피젯토이 뽁뽁이 말랑이 슬랑이 , 3,684","6,900원",카카오프렌즈(기타/통합),https://gift.kakao.com/product/13080029,13080029,2026-09-22 10:32:57,6900,1만원 미만,단독구성,-9,False,compared
팬시/문구/취미 (IP핵심),68,프렌즈인형/피규어,"""귀여움 100%! 당도 100%!"" 짱구는 못말려X카카오프렌즈 고구마 키링인형 세트_춘식이","38,000원","카카오프렌즈(춘식이), 카카오프렌즈(기타/통합), 짱구",https://gift.kakao.com/product/14169155,14169155,2026-09-22 10:32:57,38000,3만원대,단독구성,-40,False,compared
팬시/문구/취미 (IP핵심),69,삼공방,"[종교 키캡] 목탁 십자가 LED 키링 불교 교회 굿즈 , 8,406","14,000원",일반/비IP 상품,https://gift.kakao.com/product/13105981,13105981,2026-09-22 10:32:57,14000,1만원대,일반구성,3,False,compared
팬시/문구/취미 (IP핵심),70,굴강,"""행운 빵빵~"" 행운 요정 빵빵이 화분(클로버/이오난사) 응원 자취 신박한 재미있는 쓸데없는 쓸모없는 웃긴 선물 , 9,066","16,900원",빵빵이,https://gift.kakao.com/product/12617144,12617144,2026-09-22 10:32:57,16900,1만원대,일반구성,NEW,True,new
팬시/문구/취미 (IP핵심),71,대원미디어(daewon),"신발슬리퍼 꾸미기 [리락쿠마] 실리콘 참 5P 세트 , 3,079","12,300원",리락쿠마,https://gift.kakao.com/product/13053913,13053913,2026-09-22 10:32:58,12300,1만원대,단독구성,-1,False,compared
팬시/문구/취미 (IP핵심),72,퍼글러,"퍼글러(FUGGLER) 키링 (16종/택1) , 4,302","12,900원",퍼글러,https://gift.kakao.com/product/12473550,12473550,2026-09-22 10:32:58,12900,1만원대,일반구성,16,False,compared
팬시/문구/취미 (IP핵심),73,코난,"명탐정 코난 랜덤 키링 5개 세트 41% , 1,102","25,000원",명탐정 코난,https://gift.kakao.com/product/14049728,14049728,2026-09-22 10:32:58,25000,2만원대,단독구성,-23,False,compared
팬시/문구/취미 (IP핵심),74,갓샵,요거 어때 미니 마법의 고민 해결책 [mini 인생 해답 소라고동 고민 정답 책 재밌는 신박한 선물],"7,900원",일반/비IP 상품,https://gift.kakao.com/product/5096671,5096671,2026-09-22 10:32:58,7900,1만원 미만,일반구성,-35,False,compared
팬시/문구/취미 (IP핵심),75,굴강,"""안전한 음주생활"" 음주 측정기 [+단독 패키지] 직장인/연인/남자선물 자취 친구 재밌는 웃긴 쓸모없는 쓸데없는 신박한 선물","12,900원",일반/비IP 상품,https://gift.kakao.com/product/6186802,6186802,2026-09-22 10:32:58,12900,1만원대,"선물포장, 단독구성",NEW,True,new
팬시/문구/취미 (IP핵심),76,굴강,"""범인은 바로.."" 명탐정 안경 [LED] 재미 웃긴 쓸모없는 쓸데없는 신박한 선물","12,800원",일반/비IP 상품,https://gift.kakao.com/product/7026678,7026678,2026-09-22 10:32:58,12800,1만원대,일반구성,NEW,True,new
팬시/문구/취미 (IP핵심),77,굴강,"""디카 감성"" 요술봉 디지털 카메라(+SD카드) 공주님 자취 웃긴 재밌는 여자선물 쓸모없는 쓸데없는 신박한 선물 SD 카드","29,900원",일반/비IP 상품,https://gift.kakao.com/product/10662968,10662968,2026-09-22 10:32:58,29900,2만원대,일반구성,NEW,True,new
팬시/문구/취미 (IP핵심),78,굴강,"공주한테 말대꾸금지 공주짤 티셔츠 웃긴 자취 여자친구 옷 여자선물 재미있는 쓸모없는 쓸데없는 신박한 선물 , 2,416","15,900원",일반/비IP 상품,https://gift.kakao.com/product/11691666,11691666,2026-09-22 10:32:58,15900,1만원대,일반구성,-12,False,compared
팬시/문구/취미 (IP핵심),79,트렌디홈,"소품천재 [웃긴선물] 뚱이 펜홀더 브러쉬홀더 오브제 인테리어소품 캐릭터 피규어 재미있는선물 , 6,041","9,900원",스폰지밥,https://gift.kakao.com/product/7764200,7764200,2026-09-22 10:32:58,9900,1만원 미만,일반구성,11,False,compared
팬시/문구/취미 (IP핵심),80,프렌즈인형/피규어,"""말차코어 춘식이"" 말차춘 키링인형_춘식이 , 3,539","15,000원",카카오프렌즈(춘식이),https://gift.kakao.com/product/13414346,13414346,2026-09-22 10:32:58,15000,1만원대,일반구성,1,False,compared
팬시/문구/취미 (IP핵심),81,실바니안,"5750-단짝 아기친구들의 별자리 파자마파티 , 2,232","32,000원",실바니안패밀리,https://gift.kakao.com/product/8803046,8803046,2026-09-22 10:32:58,32000,3만원대,일반구성,NEW,True,new
팬시/문구/취미 (IP핵심),82,어프어프,"행운의 부적 키링 (7종 택1) 아크릴 열쇠고리 키홀더 가방 소품 친구 학생 취업 시험 수능 응원 귀여운 선물 , 6,287","4,000원",일반/비IP 상품,https://gift.kakao.com/product/8082385,8082385,2026-09-22 10:32:58,4000,1만원 미만,일반구성,-14,False,compared
팬시/문구/취미 (IP핵심),83,마인크래프트,"마인크래프트 백행거 시리즈 New 3(랜덤발송) , 2,114","12,900원",일반/비IP 상품,https://gift.kakao.com/product/10941196,10941196,2026-09-22 10:32:58,12900,1만원대,일반구성,NEW,True,new
팬시/문구/취미 (IP핵심),84,굴강,기분 좋은 돌선물 [New 인교토 향] 반려돌 디퓨저 (3종 향 택1) 스톤 방향제 자취 이사 여자선물 집들이 쓸모없는 신박한 선물,"12,900원",일반/비IP 상품,https://gift.kakao.com/product/6512263,6512263,2026-09-22 10:32:58,12900,1만원대,일반구성,14,False,compared
팬시/문구/취미 (IP핵심),85,굴강,"""빵~빵한"" 테토남 빵빵이 팬티 [리뉴얼!] 자취 재미있는 남자선물 속옷 반바지 신박한 웃긴 쓸데없는 쓸모없는 자취선물 , 3,900","13,900원",빵빵이,https://gift.kakao.com/product/12617090,12617090,2026-09-22 10:32:58,13900,1만원대,일반구성,2,False,compared
팬시/문구/취미 (IP핵심),86,알럽하우스(소품),친구/생일/인형키링 행운 키링 귀여운 고양이키링 카피바라 & 별고양이 네잎클로버 인형 키링 가방고리 생일 합격 부적 커플 응원 시험수능 쓸데없는,"4,900원",기타 캐릭터/팬시,https://gift.kakao.com/product/9578798,9578798,2026-09-22 10:32:58,4900,1만원 미만,일반구성,-1,False,compared
팬시/문구/취미 (IP핵심),87,Monchhichi,"몬치치 얼굴 파우치-Girl , 1,611","17,000원",몬치치,https://gift.kakao.com/product/12985915,12985915,2026-09-22 10:32:58,17000,1만원대,일반구성,-4,False,compared
팬시/문구/취미 (IP핵심),88,실바니안,"5748-단짝 아기친구들의 비오는 날 산책 , 2,311","29,000원",실바니안패밀리,https://gift.kakao.com/product/8802218,8802218,2026-09-22 10:32:58,29000,2만원대,일반구성,-6,False,compared
팬시/문구/취미 (IP핵심),89,제이블룸(팬시),수박 샤베트 슬랑이 / 키위 샤베트 슬랑이 말랑이 스퀴시 스트레스볼 쫀득볼 ASMR 땅콩 크랑이 이벤트,"8,900원",캐릭터/팬시-팬시굿즈,https://gift.kakao.com/product/13843636,13843636,2026-09-22 10:32:58,8900,1만원 미만,일반구성,NEW,True,new
팬시/문구/취미 (IP핵심),90,가나디,"가나디 X 랜더스 [가나디 X SSG랜더스 인천 에디션] 봉제 인형 키링 2종 택 1 (야구/베이스볼/LANDERS/콜라보/응원/인천) , 1,055","18,500원",가나디,https://gift.kakao.com/product/14102710,14102710,2026-09-22 10:32:58,18500,1만원대,일반구성,-10,False,compared
팬시/문구/취미 (IP핵심),91,얼모스트블루,스노우 플립 디지털 카메라 / 미니 디카 키링 23%,"39,800원",일반/비IP 상품,https://gift.kakao.com/product/13672457,13672457,2026-09-22 10:32:58,39800,3만원대,일반구성,-29,False,compared
팬시/문구/취미 (IP핵심),92,레토(생활),스폰지밥 근육빵빵 랜덤 키링 못생긴 인형 키링 선물 리뷰인증시 아아!,"8,900원",스폰지밥,https://gift.kakao.com/product/14051995,14051995,2026-09-22 10:32:58,8900,1만원 미만,일반구성,-48,False,compared
팬시/문구/취미 (IP핵심),93,갓샵,먼작귀 치이카와 하치와레 우사기 파우치 인형 키링 3종 [정품 캐릭터 가르마 립스틱 립밥 립 카드 에어팟 동전 가방 백팩],"12,900원",먼작귀/치이카와,https://gift.kakao.com/product/12159280,12159280,2026-09-22 10:32:59,12900,1만원대,일반구성,NEW,True,new
팬시/문구/취미 (IP핵심),94,삼공방,[키캡 키링] 4구 명패 키캡톡 주문제작 승진 취업 개업 축하 선물,"20,000원",일반/비IP 상품,https://gift.kakao.com/product/12831291,12831291,2026-09-22 10:32:59,20000,2만원대,일반구성,-33,False,compared
팬시/문구/취미 (IP핵심),95,캐릭터침구,단독 특전 헌터X헌터 아크릴 명찰 18종 컴플리트 세트 + 포토카드 6장 20% 헌터x헌터 포토카드 6장,"100,800원",캐릭터/팬시-침구,https://gift.kakao.com/product/14198065,14198065,2026-09-22 10:32:59,100800,5만원 이상,단독구성,-59,False,compared
팬시/문구/취미 (IP핵심),96,캐릭터침구,단독 특전 헌터X헌터 소프트 키링 5종 컴플리트 세트 + 포토카드 3장 랜덤 20% 헌터x헌터 포토카드 3장 랜덤,"40,000원",캐릭터/팬시-침구,https://gift.kakao.com/product/14197700,14197700,2026-09-22 10:32:59,40000,4만원대,단독구성,-7,False,compared
팬시/문구/취미 (IP핵심),97,아이데이지,"복을 부르는 거북이 [키링 ] 귀여운 엉금엉금 거북이 키링 네임택 인형 동물 열쇠고리 가방 고리 웃긴 생일 응원 행운 커플템 쓸모없는 선물 아크릴 클로버 키링 행사 , 2,803","4,500원",기타 캐릭터/팬시,https://gift.kakao.com/product/10921167,10921167,2026-09-22 10:32:59,4500,1만원 미만,각인/자수,NEW,True,new
팬시/문구/취미 (IP핵심),98,캐릭터침구,단독 특전 헌터X헌터 아크릴키링 6종 컴플리트 세트 + 포토카드 3장 랜덤 20% 헌터x헌터 포토카드 3장 랜덤,"38,400원",캐릭터/팬시-침구,https://gift.kakao.com/product/14197636,14197636,2026-09-22 10:32:59,38400,3만원대,단독구성,-55,False,compared
팬시/문구/취미 (IP핵심),99,라인프렌즈스퀘어(캐릭터),"""요즘 내 표정"" 누가사 인형 키링 , 2,573","16,000원",라인프렌즈/BT21,https://gift.kakao.com/product/13177497,13177497,2026-09-22 10:32:59,16000,1만원대,일반구성,NEW,True,new
팬시/문구/취미 (IP핵심),100,눈멍이,"행운 눈멍이 스마트폰 피규어 1종 , 2,195","15,900원",일반/비IP 상품,https://gift.kakao.com/product/13741250,13741250,2026-09-22 10:32:59,15900,1만원대,일반구성,-6,False,compared
침구/패브릭,1,캐릭터침구,"""생일/기념일선물"" (추석 이후 입고) 먼작귀 꿀잠바디쿠션4종 택1 치이카와 가르마 토끼 굿즈 극세사 긴베개 안고자는 바디필로우 캐릭터 굿즈 인형","29,900원",먼작귀/치이카와,https://gift.kakao.com/product/6986025,6986025,2026-09-22 10:33:10,29900,2만원대,일반구성,1,False,compared
침구/패브릭,2,캐릭터침구,생일/기념일선물추천 먼작귀 페이스 핸드워머 낮잠쿠션 (치이카와/가르마/토끼/해달/하늘다람쥐/밤만쥬) 옵션 생일 기념일 집들이 선물 추천,"22,900원",먼작귀/치이카와,https://gift.kakao.com/product/7355950,7355950,2026-09-22 10:33:10,22900,2만원대,일반구성,1,False,compared
침구/패브릭,3,캐릭터침구,선물만족도 BEST [단독] 가나디 바디필로우 2종 (나안아/라잉) 숙면 베개 애착 쿠션 집들이 대형필로우,"34,800원",가나디,https://gift.kakao.com/product/11743570,11743570,2026-09-22 10:33:11,34800,3만원대,단독구성,-2,False,compared
침구/패브릭,4,바자르,누적1위 [단독] 6종 39컬러 바자르 BEST 사계절 차렵이불세트/단품 모음 (SS/Q균일가) 생일 집들이선물 자취선물 커피 키프티콘,"44,900원",일반/비IP 상품,https://gift.kakao.com/product/1308578,1308578,2026-09-22 10:33:11,44900,4만원대,단독구성,1,False,compared
침구/패브릭,5,가나디,"가나디 파자마 러그 (러그/미니러그/인테리어/자취/원룸/집들이선물) , 6,074","17,800원",가나디,https://gift.kakao.com/product/14096524,14096524,2026-09-22 10:33:11,17800,1만원대,일반구성,-1,False,compared
침구/패브릭,6,캐릭터침구,"[단독] ""오둥이 입니다만"" 오둥이 모찌 바디필로우 & 오둥이 모찌 뚱쿠션","29,800원",캐릭터/팬시-침구,https://gift.kakao.com/product/5328353,5328353,2026-09-22 10:33:11,29800,2만원대,단독구성,1,False,compared
침구/패브릭,7,캐릭터침구,"생일/집들이선물추천 먼작귀 굿즈 발매트 러그 인테리어소품 선물 5종옵션 택1 (치이카와/가르마/토끼/밤만쥬/하늘다람쥐) , 9,992","16,900원",먼작귀/치이카와,https://gift.kakao.com/product/7896387,7896387,2026-09-22 10:33:11,16900,1만원대,일반구성,1,False,compared
침구/패브릭,8,바나코(인테리어),집들이/신혼/생일 [발매트+룸슈즈2] 바나코 코지 룸 홈 기프트 세트 ㅣ 실내화 호텔 수건 결혼 감성 선물 답례품 이사 자취 여자 남자 친구 15%,"37,900원",일반/비IP 상품,https://gift.kakao.com/product/13255931,13255931,2026-09-22 10:33:11,37900,3만원대,단독구성,1,False,compared
침구/패브릭,9,캐릭터침구,"[단독] ""잘자요 꿀린이"" 꿀린이 기린 모찌 바디필로우","29,900원",캐릭터/팬시-침구,https://gift.kakao.com/product/5328905,5328905,2026-09-22 10:33:11,29900,2만원대,단독구성,1,False,compared
침구/패브릭,10,미뇽맨션,"[누적판매 23만건, 키링, 사쉐 ] 뚱냥이 바디필로우 캣 쿠션 수면 집들이 선물 사쉐, 아크릴 키링","13,800원",일반/비IP 상품,https://gift.kakao.com/product/8091057,8091057,2026-09-22 10:33:11,13800,1만원대,일반구성,2,False,compared
침구/패브릭,11,굴강,"""나에게 기대"" 테토남 빵빵이 팔베개 쿠션 [품절대란] 웃긴 침구 쓸데없는 자취 바디필로우 인형 쓸모없는 신박한 선물 , 9,829","17,900원",빵빵이,https://gift.kakao.com/product/12617143,12617143,2026-09-22 10:33:11,17900,1만원대,일반구성,5,False,compared
침구/패브릭,12,가나디,가나디 핸드워머 쿠션 2종 (생일/집들이/인테리어/응원/귀여운/유쾌한),"23,000원",가나디,https://gift.kakao.com/product/12693742,12693742,2026-09-22 10:33:11,23000,2만원대,일반구성,9,False,compared
침구/패브릭,13,캐릭터침구,"""담요가 쿠션안에 쏙~"" 담곰이 쿠션 담요 (따뜻한/친구/학생/캠핑 선물)","18,800원",캐릭터/팬시-침구,https://gift.kakao.com/product/12281507,12281507,2026-09-22 10:33:11,18800,1만원대,일반구성,1,False,compared
침구/패브릭,14,캐릭터침구,단독 특전 헌터X헌터 3종 환영여단세트(차렵이불+베개커버(2종 택1)+규조토 러그) + 포스터1장+포토카드3장 랜덤 +베개솜 20% 베개솜 1개,"80,800원",캐릭터/팬시-침구,https://gift.kakao.com/product/14198118,14198118,2026-09-22 10:33:11,80800,5만원 이상,단독구성,NEW,True,new
침구/패브릭,15,말랑필로우,나도 이제 멍집사 강아지 바디필로우 안고자는 긴 쿠션 베개 동물 모찌 롱 대형 애착 인형 꿀잠 이상한 선물 귀여운 쓸데없는 쓸모없는 신박한 8%,"21,800원",기타 캐릭터/팬시,https://gift.kakao.com/product/11539740,11539740,2026-09-22 10:33:11,21800,2만원대,일반구성,17,False,compared
침구/패브릭,16,캐릭터침구,단독 특전 헌터X헌터 2종 환영여단 세트(환영여단 차렵이불+베개커버(2종 택1)) + 포스터1장+포토카드3장 랜덤 + 베개솜 20% 베개솜 1개,"64,800원",캐릭터/팬시-침구,https://gift.kakao.com/product/14198165,14198165,2026-09-22 10:33:11,64800,5만원 이상,단독구성,-10,False,compared
침구/패브릭,17,굴강,"""집에서 기다릴게"" 새끼 고릴라 인형 [품절대란] 자취 쿠션 힐링 애착 귀여운 웃긴 재미있는 쓸데없는 쓸모없는 신박한 선물","15,900원",기타 캐릭터/팬시,https://gift.kakao.com/product/10998140,10998140,2026-09-22 10:33:11,15900,1만원대,일반구성,6,False,compared
침구/패브릭,18,프렌즈인형/피규어,"BEST [단독] ""메가급 귀여움"" 대형 바디필로우_춘식이/리틀라이언/리틀어피치","29,900원","카카오프렌즈(춘식이), 카카오프렌즈(라이언), 카카오프렌즈(어피치)",https://gift.kakao.com/product/7025298,7025298,2026-09-22 10:33:11,29900,2만원대,단독구성,0,False,compared
침구/패브릭,19,캐릭터침구,생일/기념일선물추천 산리오 헬로키티 바디필로우 롱필로우 롱쿠션 인형 큐티,"32,800원","산리오(헬로키티), 산리오(기타/통합)",https://gift.kakao.com/product/945159,945159,2026-09-22 10:33:12,32800,3만원대,일반구성,-6,False,compared
침구/패브릭,20,캐릭터침구,알러지케어원단 리락쿠마 페이스꿀잠베개커버 3종옵션 택1 캐릭터 침구 베개커버 국내산 베개솜 세트 생일 집들이 자취 선물,"15,900원",리락쿠마,https://gift.kakao.com/product/13216407,13216407,2026-09-22 10:33:12,15900,1만원대,단독구성,-3,False,compared
침구/패브릭,21,루시아이(침구),안아줘요 꽉꽉 [꿀잠/자취선물] 130cm 대왕 오리 인형 모찌 쿠션 베개 바디필로우 친구 생일 집들이 귀여운 오리인형 이사 집순이 웃긴,"13,900원",기타 캐릭터/팬시,https://gift.kakao.com/product/7262354,7262354,2026-09-22 10:33:12,13900,1만원대,일반구성,5,False,compared
침구/패브릭,22,가나디,가나디 목쿠션&수면 안대 세트 (수면용품/생일/귀여운/우정/커플/여행 선물),"21,800원",가나디,https://gift.kakao.com/product/14257180,14257180,2026-09-22 10:33:12,21800,2만원대,단독구성,0,False,compared
침구/패브릭,23,캐릭터침구,단독 특전 헌터X헌터 환영여단 차렵이불 + 포스터 1장 랜덤 15% 헌터x헌터 포스터 1장 랜덤,"58,650원",캐릭터/팬시-침구,https://gift.kakao.com/product/14271146,14271146,2026-09-22 10:33:12,58650,5만원 이상,단독구성,-8,False,compared
침구/패브릭,24,가나디,"가나디 꿀잠 팔쿠션 (학교/사무실/인테리어/응원/귀여운/유쾌한) , 8,067","19,800원",가나디,https://gift.kakao.com/product/12818996,12818996,2026-09-22 10:33:12,19800,1만원대,일반구성,4,False,compared
침구/패브릭,25,잔망루피(굿즈),집돌이 집순이 선물 [단독] 뤂덕템 끝판왕! 잔망루피 롱 바디필로우,"39,900원",잔망루피,https://gift.kakao.com/product/7322097,7322097,2026-09-22 10:33:12,39900,3만원대,단독구성,-6,False,compared
침구/패브릭,26,캐릭터침구,"팝업스토어 굿즈 먼작귀 스노우담요 140x100 집순이 극세사 블랭킷 차량용 사무실 캠핑 차박 무릎담요 , 1,443","19,900원",먼작귀/치이카와,https://gift.kakao.com/product/10962112,10962112,2026-09-22 10:33:12,19900,1만원대,일반구성,5,False,compared
침구/패브릭,27,캐릭터침구,단독 특전 헌터X헌터 소프트쿠션 3종 세트 (곤+키르아+히소카) + 포스터 1장+포토카드 3장 랜덤 20% 포스터 1장+포토카드 3장 랜덤,"43,200원",캐릭터/팬시-침구,https://gift.kakao.com/product/14198225,14198225,2026-09-22 10:33:12,43200,4만원대,단독구성,-16,False,compared
침구/패브릭,28,미니멀룸,"""행운이 떡하니 붙는다"" 찹쌀떡 베개 모찌모찌 필로우","29,900원",기타 캐릭터/팬시,https://gift.kakao.com/product/2205514,2205514,2026-09-22 10:33:12,29900,2만원대,일반구성,-3,False,compared
침구/패브릭,29,알럽하우스(소품),"배추 보낸다 김장준비완료 배추담요 [빅사이즈] 웃긴 직장동료 생일 연인 커플 합격 응원 집들이 결혼 선물 귀여운 자취 쓸데없는 신박한 행운 , 2,649","14,900원",일반/비IP 상품,https://gift.kakao.com/product/10819633,10819633,2026-09-22 10:33:12,14900,1만원대,일반구성,-9,False,compared
침구/패브릭,30,캐릭터침구,"생일/기념일선물추천 리락쿠마반달대쿠션 3종옵션 택1 알러지케어원단 캐릭터 침구 기념일 선물 , 7,358","29,000원",리락쿠마,https://gift.kakao.com/product/13808817,13808817,2026-09-22 10:33:12,29000,2만원대,일반구성,-6,False,compared
침구/패브릭,31,플러피홈,"내 근육 어때 [재미있는선물] 머슬 태닝 키티캣 바디필로우 벌크업 몸짱 근육인형 쿠션 아크릴 키링 , 4,486","24,800원",산리오(헬로키티),https://gift.kakao.com/product/12155267,12155267,2026-09-22 10:33:12,24800,2만원대,일반구성,9,False,compared
침구/패브릭,32,프렌즈리빙LC,"[단독] ""볼록한 배가 귀여운"" New 춘식이 배빵빵 모찌 바디필로우 80cm","29,800원",카카오프렌즈(춘식이),https://gift.kakao.com/product/7025670,7025670,2026-09-22 10:33:12,29800,2만원대,단독구성,4,False,compared
침구/패브릭,33,보웰,집들이선물추천 [BWTZ] 푹신한 롱파일 자카드 발매트 25종,"23,900원",일반/비IP 상품,https://gift.kakao.com/product/8510786,8510786,2026-09-22 10:33:12,23900,2만원대,일반구성,23,False,compared
침구/패브릭,34,쉬즈홈,"[단독컬러] ""집들이선물"" 집순이 맞춤! 슬리브 등받이 삼각쿠션 필로우 베개 등쿠션 (대형) 18종택1","29,900원",일반/비IP 상품,https://gift.kakao.com/product/1242861,1242861,2026-09-22 10:33:12,29900,2만원대,단독구성,-5,False,compared
침구/패브릭,35,말랑필로우,"뭘보냥 안고자는 고양이 바디필로우 80cm 롱 쿠션 긴 베개 인형 쿠션 인테리어 모찌 추천 애착 대형 동물 선물 이상한 여자 친구 22% , 6,333","9,900원",기타 캐릭터/팬시,https://gift.kakao.com/product/11546351,11546351,2026-09-22 10:33:12,9900,1만원 미만,일반구성,6,False,compared
침구/패브릭,36,짱구(생활),신박한 집들이선물! 맹구 콧물 휴지 케이스 물 티슈 케이스 커버 (두루마리/물티슈 겸용) 리뷰인증시 아아!,"19,900원",짱구,https://gift.kakao.com/product/11942947,11942947,2026-09-22 10:33:12,19900,1만원대,일반구성,14,False,compared
침구/패브릭,37,루시아이(침구),나 귀엽지 아나~ [자취/집들이선물] 단독사은품 토실토실 뱃살물범 인형 귀여운 바디필로우 애착 모찌 커플 방석 쿠션 기숙사 베개 집순이 방꾸미기,"15,900원",기타 캐릭터/팬시,https://gift.kakao.com/product/10609163,10609163,2026-09-22 10:33:12,15900,1만원대,단독구성,16,False,compared
침구/패브릭,38,캐릭터침구,"[단독]""안아주라구스"" 애착 구스 오리인형 바디필로우 130cm+키링","13,900원",캐릭터/팬시-침구,https://gift.kakao.com/product/3833938,3833938,2026-09-22 10:33:12,13900,1만원대,단독구성,-11,False,compared
침구/패브릭,39,부카즈(소품),"생일/자취/집들이 대왕고래 바디필로우 인형 쿠션 55cm / 생일 동물 집들이 선물 꿀잠 애착 인형 긴 대형 베개 동물 , 3,290","9,800원",기타 캐릭터/팬시,https://gift.kakao.com/product/11781718,11781718,2026-09-22 10:33:12,9800,1만원 미만,일반구성,24,False,compared
침구/패브릭,40,캐릭터침구,"집들이선물강추 산리오 한교동 러그 발매트 페이스 , 6,542","22,000원","산리오(한교동), 산리오(기타/통합)",https://gift.kakao.com/product/11972978,11972978,2026-09-22 10:33:12,22000,2만원대,일반구성,19,False,compared
침구/패브릭,41,굿나잇데이브(굿즈),수면 질 수직상승 2026NEW 폭닥폭닥 냉감 냥이 고양이 바디필로우 대형 인형 베개 쿠션 생일 이사 집들이 자취 시원한 선물 8% 리뷰작성시 냥이키링,"21,800원",기타 캐릭터/팬시,https://gift.kakao.com/product/12039412,12039412,2026-09-22 10:33:12,21800,2만원대,일반구성,29,False,compared
침구/패브릭,42,본디자인랩,"선물하기 단독 감성적인 미니러그 [센스있는 집들이 선물] ""19종 택1"" 빨아쓰는 워셔블 발매트 방석 러그 욕실 화장실 주방 발매트 논슬립 친구 생일 이사선물 스타벅스 아메리카노 , 7,885","21,800원",일반/비IP 상품,https://gift.kakao.com/product/9583032,9583032,2026-09-22 10:33:12,21800,2만원대,단독구성,7,False,compared
침구/패브릭,43,코난,"명탐정 코난 카페 포와로 자가드 발매트 19% , 1,681","25,000원",명탐정 코난,https://gift.kakao.com/product/14046242,14046242,2026-09-22 10:33:12,25000,2만원대,일반구성,8,False,compared
침구/패브릭,44,데이니즈,"[집들이 선물,출산 선물,귀여운 선물]헬로키티 바디필로우 모찌촉감 베개,쿠션 , 6,386","39,000원",산리오(헬로키티),https://gift.kakao.com/product/9191293,9191293,2026-09-22 10:33:13,39000,3만원대,일반구성,4,False,compared
침구/패브릭,45,캐릭터침구,"[단독] ""잘자요 꿀룡이"" 꿀룡이 모찌 공룡 바디필로우","29,900원",캐릭터/팬시-침구,https://gift.kakao.com/product/2498499,2498499,2026-09-22 10:33:13,29900,2만원대,단독구성,-6,False,compared
침구/패브릭,46,데일리라이크(침구),"자취/집들이선물 ""집꾸 필수템"" 푹신보들 마이 버디 발매트(미니러그) 33종 (택1) 인테리어 이사 독립 응원 결혼 생일 자취 집들이 선물","15,900원",일반/비IP 상품,https://gift.kakao.com/product/2488205,2488205,2026-09-22 10:33:13,15900,1만원대,일반구성,-12,False,compared
침구/패브릭,47,아이르,"""학교/사무실/캠핑"" 따뜻포근담요 [소형1+1/대형/케이프] 부들부들 고밀도 5mm 극세사 밍크담요 17종 택1","15,900원",일반/비IP 상품,https://gift.kakao.com/product/905813,905813,2026-09-22 10:33:13,15900,1만원대,일반구성,5,False,compared
침구/패브릭,48,리브맘,"프리미엄 3D 경추 메모리폼 국민베개+커버세트 , 9,946","22,900원",일반/비IP 상품,https://gift.kakao.com/product/777200,777200,2026-09-22 10:33:13,22900,2만원대,단독구성,24,False,compared
침구/패브릭,49,오늘의귀여움,"오늘의귀여움 왕크니까 왕귀여운 강사장 바디필로우 왕티즈!! 귀여운선물 친구 연인 애착인형 대형 모찌 강아지 댕댕이 2% , 1,727","33,900원",기타 캐릭터/팬시,https://gift.kakao.com/product/13059585,13059585,2026-09-22 10:33:13,33900,3만원대,일반구성,22,False,compared
침구/패브릭,50,프렌즈리빙LC,낮잠자도 팔안저려 낮잠 필수템 말랑쫀득 춘식이 꿀잠 팔쿠션,"9,900원",카카오프렌즈(춘식이),https://gift.kakao.com/product/7280480,7280480,2026-09-22 10:33:13,9900,1만원 미만,일반구성,18,False,compared
침구/패브릭,51,룸앤홈(침구),[단독] 찐 간식 쿠션 인형 수면 촉감 계란 감자 고구마 찹쌀떡 붕어빵,"9,900원",기타 캐릭터/팬시,https://gift.kakao.com/product/6946723,6946723,2026-09-22 10:33:13,9900,1만원 미만,단독구성,NEW,True,new
침구/패브릭,52,루시아이(침구),"취향 저격 선물이야 [생일/자취선물]3colors 뽀글이 곰돌이 후드 담요 입는 담요 망토 집순이 커플 양털 방콕 학생 공부 여자선물 , 9,216","13,900원",일반/비IP 상품,https://gift.kakao.com/product/6660850,6660850,2026-09-22 10:33:13,13900,1만원대,일반구성,38,False,compared
침구/패브릭,53,부카즈(소품),"꿀잠자길 바라~ [수면안대 !] 쌔근쌔근 카피바라 바디필로우 110cm / 생일 모찌 친구 여자 꿀잠 애착 조카 숙면 대형 인형 집순이 , 2,780","22,800원",기타 캐릭터/팬시,https://gift.kakao.com/product/11951853,11951853,2026-09-22 10:33:13,22800,2만원대,일반구성,4,False,compared
침구/패브릭,54,루시아이(침구),"안아줘요꽉꽉 [꿀잠/자취선물] 160cm 대왕 오리 인형 모찌 쿠션 베개 바디필로우 친구 집들이 귀여운 애착 기숙사 이사 생일 웃긴 소품 , 6,955","26,500원",기타 캐릭터/팬시,https://gift.kakao.com/product/7262379,7262379,2026-09-22 10:33:13,26500,2만원대,일반구성,39,False,compared
침구/패브릭,55,미니멀룸,"나만의 맞춤 필로우 ""집들이선물"" 원하는대로 변신하는 인절미 바디필로우 , 6,975","29,900원",일반/비IP 상품,https://gift.kakao.com/product/7744922,7744922,2026-09-22 10:33:13,29900,2만원대,일반구성,12,False,compared
침구/패브릭,56,오셀픽(리빙),"집꾸 필수템 [자취/집들이선물] 오셀픽 오브제 반원형 빨아쓰는 규조토 발매트 41% , 8,495","13,900원",일반/비IP 상품,https://gift.kakao.com/product/11073954,11073954,2026-09-22 10:33:13,13900,1만원대,일반구성,-13,False,compared
침구/패브릭,57,프렌즈리빙,"[따뜻한선물] ""짱구와 함께하는 포근한 휴식"" 짱구는 못말려X카카오프렌즈 대형 양털담요_프렌즈","29,000원","카카오프렌즈(기타/통합), 짱구",https://gift.kakao.com/product/14170186,14170186,2026-09-22 10:33:13,29000,2만원대,일반구성,-12,False,compared
침구/패브릭,58,데데리트,"귀여운 선물 생일 [키링]데데리트 과일 야채 채소 토마토 표고버섯 단감 인형 쿠션 등쿠션 방석 인테리어소품 생일 친구 커플 집들이 추석 선물 아크릴키링 랜덤 , 4,933","13,900원",기타 캐릭터/팬시,https://gift.kakao.com/product/11704744,11704744,2026-09-22 10:33:13,13900,1만원대,일반구성,16,False,compared
침구/패브릭,59,오늘의귀여움,"부실감자의 하트 부실감자의 대형 하트 바디필로우 90cm 힐링 모찌 오리 인형 쿠션 생일 이사 인테리어 집들이 자취 3% , 3,318","28,900원",기타 캐릭터/팬시,https://gift.kakao.com/product/12440454,12440454,2026-09-22 10:33:13,28900,2만원대,일반구성,5,False,compared
침구/패브릭,60,캐릭터침구,"자취/집들이선물 산리오 폼폼푸린 러그 2종 중 택1 , 1,984","22,000원","산리오(폼폼푸린), 산리오(기타/통합)",https://gift.kakao.com/product/13869667,13869667,2026-09-22 10:33:13,22000,2만원대,일반구성,-6,False,compared
침구/패브릭,61,오늘의귀여움,대빵 큰 베스트프랜드 깜자 바디필로우(활짝)! 모찌 애착 쿠션 휴식 생일 자취 집들이 귀여운 선물,"29,800원",기타 캐릭터/팬시,https://gift.kakao.com/product/9645248,9645248,2026-09-22 10:33:13,29800,2만원대,일반구성,-1,False,compared
침구/패브릭,62,다다랜드,"집들이 추천 카피바라 100cm 바디필로우(대형 안고자는 베개 모찌 롱쿠션 숙면 꿀잠 스트레스 집들이 이사 자취 집순이 생일 쿠션) , 2,194","19,900원",기타 캐릭터/팬시,https://gift.kakao.com/product/11693875,11693875,2026-09-22 10:33:13,19900,1만원대,일반구성,16,False,compared
침구/패브릭,63,몰티즈&리트리버,"[단독] ""왕 크니까 왕 귀엽다!"" 몰티즈&리트리버 초대형 바디필로우(80cm) , 5,397","32,000원",일반/비IP 상품,https://gift.kakao.com/product/11386190,11386190,2026-09-22 10:33:13,32000,3만원대,단독구성,-19,False,compared
침구/패브릭,64,캐릭터침구,"""생일/집들이선물"" 리락쿠마 삼각등쿠션 2종옵션 택1 집들이 선물 집순이 필수템 필로우 베개 포켓 솜포함 , 1,969","36,900원",리락쿠마,https://gift.kakao.com/product/13983873,13983873,2026-09-22 10:33:13,36900,3만원대,일반구성,-29,False,compared
침구/패브릭,65,캐릭터침구,"네편이 될게요 산리오캐릭터즈 통통바디필로우 롱쿠션 롱베개 롱필로우 테디베어 2종 택1 , 6,130","35,900원",산리오(기타/통합),https://gift.kakao.com/product/12193401,12193401,2026-09-22 10:33:13,35900,3만원대,일반구성,22,False,compared
침구/패브릭,66,안경만두,"안경만두 쿠션 왕경만두 (생일/기념일/학생/집들이/자취/귀여운선물) , 1,426","25,000원",일반/비IP 상품,https://gift.kakao.com/product/13914977,13914977,2026-09-22 10:33:13,25000,2만원대,일반구성,NEW,True,new
침구/패브릭,67,캐릭터침구,"""생일/집들이선물"" 리락쿠마 발매트 2종옵션 택1 캐릭터 굿즈 러그 인테리어소품 선물 , 1,868","16,900원",리락쿠마,https://gift.kakao.com/product/13983893,13983893,2026-09-22 10:33:13,16900,1만원대,일반구성,2,False,compared
침구/패브릭,68,캐릭터침구,"""생일/집들이선물"" 리락쿠마 낮잠쿠션 2종옵션 택1 캐릭터쿠션 핸드워머 사무실 학교 집들이 기념일 선물 , 1,422","22,900원",리락쿠마,https://gift.kakao.com/product/13983870,13983870,2026-09-22 10:33:14,22900,2만원대,일반구성,-30,False,compared
침구/패브릭,69,캐릭터침구,"한교동러버 선물추천 산리오 한교동 빅바디필로우 롱쿠션 롱베개 롱필로우 퍼니 , 5,919","39,000원","산리오(한교동), 산리오(기타/통합)",https://gift.kakao.com/product/11972964,11972964,2026-09-22 10:33:14,39000,3만원대,일반구성,-32,False,compared
침구/패브릭,70,프로젝트슬립,"눈찜질 온열 빅사이즈 양면안대 (+파우치) 프로젝트슬립 아이마스크 수면 안대 눈 피로 , 4,943","33,900원",캐릭터/팬시-침구,https://gift.kakao.com/product/1290131,1290131,2026-09-22 10:33:14,33900,3만원대,일반구성,16,False,compared
침구/패브릭,71,린넨엔어너더,꿀잠*자취*임신선물 [린넨엔어너더]포근 U자형 바디필로우+레그필로우,"32,900원",일반/비IP 상품,https://gift.kakao.com/product/847225,847225,2026-09-22 10:33:14,32900,3만원대,일반구성,27,False,compared
침구/패브릭,72,캐릭터침구,"잠이 술술 참이슬 후레쉬 소주병 바디필로우 L , 5,737","39,900원",캐릭터/팬시-침구,https://gift.kakao.com/product/9570334,9570334,2026-09-22 10:33:14,39900,3만원대,일반구성,-14,False,compared
침구/패브릭,73,캐릭터침구,"한교동 응원선물 산리오캐릭터즈 한교동 바디필로우 퍼니 + 한교동 테이블매트 , 5,948","39,000원","산리오(한교동), 산리오(기타/통합)",https://gift.kakao.com/product/10782325,10782325,2026-09-22 10:33:14,39000,3만원대,일반구성,-27,False,compared
침구/패브릭,74,캐릭터침구,학교/사무실담요추천 먼작귀 해피스커트담요 125x85 집순이 극세사 블랭킷 차량용 사무실 캠핑 차박 무릎담요,"19,900원",먼작귀/치이카와,https://gift.kakao.com/product/10801580,10801580,2026-09-22 10:33:14,19900,1만원대,일반구성,-9,False,compared
침구/패브릭,75,가나디,귀여운 선물 가나디 중형 시팅 인형 2종 (생일/집들이/인테리어/응원/귀여운),"23,800원",가나디,https://gift.kakao.com/product/11744430,11744430,2026-09-22 10:33:14,23800,2만원대,일반구성,-42,False,compared
침구/패브릭,76,캐릭터침구,"""생일/집들이선물"" 포켓몬 메타몽터프트발매트 캐릭터 굿즈 러그 인테리어소품 생일 기념일 집들잇 선물 추천 , 1,423","14,900원",포켓몬,https://gift.kakao.com/product/10708756,10708756,2026-09-22 10:33:14,14900,1만원대,일반구성,NEW,True,new
침구/패브릭,77,루시아이(팬시),포근포근한 오리인형 [꿀잠/귀여운선물] 소형35cm 파닥파닥 모찌 오리 인형 애착 쿠션 등 베개 바디필로우 안고자는 생일 집순이 자취 여자 집들이,"9,590원",기타 캐릭터/팬시,https://gift.kakao.com/product/7281085,7281085,2026-09-22 10:33:14,9590,1만원 미만,일반구성,8,False,compared
침구/패브릭,78,프렌즈인형/피규어,"[단독] ""왕 크니까 왕 복스럽다!"" 행복가득 메가페이스필로우_춘식이 , 3,171","39,000원",카카오프렌즈(춘식이),https://gift.kakao.com/product/12521231,12521231,2026-09-22 10:33:14,39000,3만원대,단독구성,-31,False,compared
침구/패브릭,79,캐릭터침구,"귀멸팬 선물추천 귀멸의 칼날 주 롱바디필로우 롱필로우 롱쿠션 9종 택1_기유 시노부 렌고쿠 텐겐 미츠리 무이치로 교메이 오바나이 사네미 , 2,174","25,000원",캐릭터/팬시-침구,https://gift.kakao.com/product/12793725,12793725,2026-09-22 10:33:14,25000,2만원대,일반구성,-2,False,compared
침구/패브릭,80,데이니즈,"[집들이 선물,출산 선물,귀여운 선물]포차코 바디필로우 모찌촉감 베개,쿠션 , 3,255","39,000원",산리오(포차코),https://gift.kakao.com/product/9191291,9191291,2026-09-22 10:33:14,39000,3만원대,일반구성,1,False,compared
침구/패브릭,81,프로젝트슬립,자취/집들이/이사 시원한 꿀잠 경추베개 기능성 고밀도 메모리폼 베개 생일 집들이 이사 결혼 직장동료 수험생 부모님 시원한 선물,"33,000원",캐릭터/팬시-침구,https://gift.kakao.com/product/12069197,12069197,2026-09-22 10:33:14,33000,3만원대,일반구성,-51,False,compared
침구/패브릭,82,19세 연령제한,"굴강 ""내 품에 안겨"" 테토남 빵빵이 남친 쿠션 [빵빵이 공식 굿즈] 바디필로우 재미있는 웃긴 신박한 쓸데없는 쓸모없는 굿즈 자취 49% , 1,700","15,600원",빵빵이,https://gift.kakao.com/product/12617130,12617130,2026-09-22 10:33:14,15600,1만원대,일반구성,0,False,compared
침구/패브릭,83,드브르베,신혼/집들이 선물 [선물박스포장/추석한정쇼핑백] 드브르베 방수 앞치마+티코스터 2p(선착순) 드브르베 티코스터 2p,"79,000원",일반/비IP 상품,https://gift.kakao.com/product/10127260,10127260,2026-09-22 10:33:14,79000,5만원 이상,선물포장,-41,False,compared
침구/패브릭,84,캐릭터침구,"[단독] ""시원한 선물"" 펭귄 슈퍼쿨 냉감 바디필로우 3종택1 (블루/그레이/핑크)","29,900원",캐릭터/팬시-침구,https://gift.kakao.com/product/2470751,2470751,2026-09-22 10:33:14,29900,2만원대,단독구성,-23,False,compared
침구/패브릭,85,굿나잇데이브(굿즈),"내 키만해~ [130cm초특대형/냉감]안고자는 냉감 꽈배기 바디필로우 인형 베개 쿠션 숙면 생일 이사 집들이 자취 여름 시원한 선물 , 6,835","24,800원",기타 캐릭터/팬시,https://gift.kakao.com/product/11902866,11902866,2026-09-22 10:33:14,24800,2만원대,일반구성,NEW,True,new
침구/패브릭,86,누리토이즈,"""귀여운 쿠션"" 안녕자두야 봉제인형 꼬꼬얼굴 40cm","30,000원",기타 캐릭터/팬시,https://gift.kakao.com/product/12550454,12550454,2026-09-22 10:33:15,30000,3만원대,일반구성,9,False,compared
침구/패브릭,87,오셀픽(리빙),"집꾸 필수템 ""자취/집들이선물"" 오브제 빨아쓰는 규조토 발매트 욕실 주방 화장실 현관 싱크대 미끄럼방지 매트 M 40*60 41% , 9,316","13,900원",일반/비IP 상품,https://gift.kakao.com/product/7985929,7985929,2026-09-22 10:33:15,13900,1만원대,일반구성,-11,False,compared
침구/패브릭,88,이룸홈,"다리가 편안한 이룸홈 메모리폼 다리베개+커버세트 , 3,963","39,900원",일반/비IP 상품,https://gift.kakao.com/product/5017711,5017711,2026-09-22 10:33:15,39900,3만원대,단독구성,NEW,True,new
침구/패브릭,89,데이니즈,"[집들이,인테리어,소품,출산 선물] 핑구 ""탱글 탱글"" 모찌 꿀잠 바디필로우 , 6,742","32,900원",기타 캐릭터/팬시,https://gift.kakao.com/product/6163618,6163618,2026-09-22 10:33:15,32900,3만원대,일반구성,-16,False,compared
침구/패브릭,90,부카즈(소품),"쫀득~쫀득~ 모찌 낮잠 쿠션 필로우/ 애착 인형 방석 베개 생일 친구 여자 선물 바디 집들이 어린이날 꿀잠 , 2,437","12,500원",기타 캐릭터/팬시,https://gift.kakao.com/product/8224199,8224199,2026-09-22 10:33:15,12500,1만원대,일반구성,NEW,True,new
침구/패브릭,91,말랑필로우,"킹받는 선물 생선 인형 바디필로우 롱 대형 쿠션 [웃긴 애착 신박한 안고자는 모찌 베개 여자 친구 학생 사무실 학교 이상한 쓸데없는 10% , 4,262","17,800원",기타 캐릭터/팬시,https://gift.kakao.com/product/6841023,6841023,2026-09-22 10:33:15,17800,1만원대,일반구성,NEW,True,new
침구/패브릭,92,캐릭터침구,"조구만팬 선물 조구만 공룡 브라키오 빅롱바디필로우 인형 쿠션 , 6,612","32,000원",캐릭터/팬시-침구,https://gift.kakao.com/product/6999001,6999001,2026-09-22 10:33:15,32000,3만원대,일반구성,NEW,True,new
침구/패브릭,93,캐릭터침구,"생일/기념일선물 산리오 폼폼푸린 힐링쿠션 슬리핑 , 1,642","35,000원","산리오(폼폼푸린), 산리오(기타/통합)",https://gift.kakao.com/product/13869949,13869949,2026-09-22 10:33:15,35000,3만원대,일반구성,NEW,True,new
침구/패브릭,94,안경만두,"메가커피 안경만두 발매트/러그 (자취/집들이/이사/생일/친구/인테리어/귀여운선물) , 1,631","24,900원",일반/비IP 상품,https://gift.kakao.com/product/13914983,13914983,2026-09-22 10:33:15,24900,2만원대,일반구성,-32,False,compared
침구/패브릭,95,마루는강쥐,"[단독]""자취/집들이 선물"" 마루는강쥐 미니 러그 , 2,726","15,000원",마루는강쥐,https://gift.kakao.com/product/10924216,10924216,2026-09-22 10:33:15,15000,1만원대,단독구성,5,False,compared
침구/패브릭,96,캐릭터침구,"산리오 헬로키티 티슈커버 티슈케이스 레드클래식 , 1,169","19,000원","산리오(헬로키티), 산리오(기타/통합)",https://gift.kakao.com/product/13551705,13551705,2026-09-22 10:33:15,19000,1만원대,일반구성,-17,False,compared
침구/패브릭,97,마츠리센,"포근하게 꿀잠 선물 꽈배기 긴 쿠션 안고자는 베개 죽부인 롱 대형 바디필로우 , 6,399","17,900원",일반/비IP 상품,https://gift.kakao.com/product/10163185,10163185,2026-09-22 10:33:15,17900,1만원대,일반구성,-22,False,compared
침구/패브릭,98,마츠리센,한번 안으면 가지마 토닥토닥 가지 인형 바디필로우 대형 120cm 캐릭터 긴 쿠션 안고자는 베개 캐릭터 롱,"39,800원",기타 캐릭터/팬시,https://gift.kakao.com/product/13698061,13698061,2026-09-22 10:33:15,39800,3만원대,일반구성,NEW,True,new
침구/패브릭,99,캐릭터침구,핑크좋아해 산리오캐릭터즈 헬로키티 롱바디필로우 롱베개 롱필로우 뉴리본 21%,"17,900원","산리오(헬로키티), 산리오(기타/통합)",https://gift.kakao.com/product/10823982,10823982,2026-09-22 10:33:15,17900,1만원대,일반구성,NEW,True,new
침구/패브릭,100,말랑필로우,"포근한 꽈배기 쿠션 포근 꽈배기 바디필로우 대형 롱 쿠션 안고자는 애착 이상한 인형 베개 집들이 선물 인테리어 모찌 신박한 사탕베개 만두베개 , 4,464","23,900원",기타 캐릭터/팬시,https://gift.kakao.com/product/13710058,13710058,2026-09-22 10:33:15,23900,2만원대,일반구성,NEW,True,new
주방/식기,1,캐릭터주방,[단독/추석선물] 리락쿠마 페이스 머그 텀블러 360ml 보온 보냉,"24,500원",리락쿠마,https://gift.kakao.com/product/13772143,13772143,2026-09-22 10:33:26,24500,2만원대,단독구성,2,False,compared
주방/식기,2,스탠리,[스탠리공식유통사] 퀜처 H2.0 플로우스테이트 텀블러 887ml,"49,000원",일반/비IP 상품,https://gift.kakao.com/product/11106499,11106499,2026-09-22 10:33:26,49000,4만원대,일반구성,0,False,compared
주방/식기,3,스탠리,[스탠리공식유통사] 퀜처 H2.0 플로우스테이트 텀블러 591ml,"44,000원",일반/비IP 상품,https://gift.kakao.com/product/7868266,7868266,2026-09-22 10:33:26,44000,4만원대,일반구성,-2,False,compared
주방/식기,4,빌레로이앤보흐,[Since1748] 빌레로이앤보흐 보스톤 고블렛 와인잔 화이트 310ml 2P 선물세트 7%,"52,000원",일반/비IP 상품,https://gift.kakao.com/product/2438319,2438319,2026-09-22 10:33:26,52000,5만원 이상,단독구성,1,False,compared
주방/식기,5,센느파리,"""BEST 선물추천 ""NEW 컬러""센느파리 크리스탈 와인잔 고블렛잔 2P세트 (7종) 신혼/집들이/생일/이사 홈파티 위스키잔 커피잔 추석 답례품 26% 프리미엄 더스트백+쇼핑백","57,900원",일반/비IP 상품,https://gift.kakao.com/product/10841578,10841578,2026-09-22 10:33:27,57900,5만원 이상,단독구성,4,False,compared
주방/식기,6,레고트,루프 텀블러 멀티 600ml (7 colors),"37,000원",일반/비IP 상품,https://gift.kakao.com/product/11264836,11264836,2026-09-22 10:33:27,37000,3만원대,일반구성,10,False,compared
주방/식기,7,스탠리,[스탠리공식유통사] 아이스플로우 플립 스트로 2.0 텀블러 887ml,"49,000원",일반/비IP 상품,https://gift.kakao.com/product/7868778,7868778,2026-09-22 10:33:27,49000,4만원대,일반구성,0,False,compared
주방/식기,8,스탠리,[스탠리공식유통사] 퀜처 H2.0 플로우스테이트 텀블러 591ml 손잡이형,"46,000원",일반/비IP 상품,https://gift.kakao.com/product/11779291,11779291,2026-09-22 10:33:27,46000,4만원대,일반구성,-2,False,compared
주방/식기,9,광주요,[단독 컬러] 광주요 캐주얼라인 소리잔 2P (술잔/막걸리잔/디저트볼/고블렛잔) 26% 나눌수록 커지는 10+1,"34,000원",일반/비IP 상품,https://gift.kakao.com/product/1186213,1186213,2026-09-22 10:33:27,34000,3만원대,단독구성,8,False,compared
주방/식기,10,알럽하우스,생일에는 정품이지 산리오 한교동 도자기 시리얼볼 요거트볼 예쁜 그릇 컵 자취 생일 집들이 행운 직장동료 가벼운 홈카페 밥그릇,"13,800원","산리오(한교동), 산리오(기타/통합)",https://gift.kakao.com/product/12455527,12455527,2026-09-22 10:33:27,13800,1만원대,일반구성,3,False,compared
주방/식기,11,스탠리,[스탠리공식유통사] 카페 투 고 트래블 머그 473ml,"42,000원",일반/비IP 상품,https://gift.kakao.com/product/11483865,11483865,2026-09-22 10:33:27,42000,4만원대,일반구성,0,False,compared
주방/식기,12,스탠리,[스탠리공식유통사] 퀜처 프로투어 플립 스트로 텀블러 887ml,"54,000원",일반/비IP 상품,https://gift.kakao.com/product/11144932,11144932,2026-09-22 10:33:27,54000,5만원 이상,일반구성,-8,False,compared
주방/식기,13,앨리건트테이블,[우드티포크2p이벤트] 헤움 무광 티타임 세트4p선물세트 고블렛 디저트 플레이트 크리스마스,"36,500원",일반/비IP 상품,https://gift.kakao.com/product/7734041,7734041,2026-09-22 10:33:27,36500,3만원대,단독구성,-3,False,compared
주방/식기,14,스탠리,[스탠리공식유통사] 카페 투 고 트래블 머그 354ml,"35,000원",일반/비IP 상품,https://gift.kakao.com/product/11483949,11483949,2026-09-22 10:33:27,35000,3만원대,일반구성,-6,False,compared
주방/식기,15,스타벅스(공식스토어),"""핑크파우치+무료각인"" [각인] 뉴턴 하우스 텀블러 355ml (3종 택 1) +에코텀블러음료쿠폰() 10%","31,500원",일반/비IP 상품,https://gift.kakao.com/product/9158489,9158489,2026-09-22 10:33:27,31500,3만원대,각인/자수,-3,False,compared
주방/식기,16,스탠리,"[스탠리공식유통사] 에브리데이 서버번 머그 473ml , 9,888","38,000원",일반/비IP 상품,https://gift.kakao.com/product/12339610,12339610,2026-09-22 10:33:27,38000,3만원대,일반구성,3,False,compared
주방/식기,17,오덴세,[카카오단독컬러] 투웨이 루프 텀블러 720ml (12 colors),"39,000원",일반/비IP 상품,https://gift.kakao.com/product/12694903,12694903,2026-09-22 10:33:27,39000,3만원대,단독구성,-2,False,compared
주방/식기,18,르크루제,"[쇼핑백 ] [르크루제] ""카카오단독 넥타르 컬러"" 마시멜로 머그 380ml 2P세트","53,000원",일반/비IP 상품,https://gift.kakao.com/product/7833932,7833932,2026-09-22 10:33:27,53000,5만원 이상,단독구성,-4,False,compared
주방/식기,19,스탠리,[스탠리공식유통사] 아이스플로우 플립 스트로 2.0 텀블러 591ml,"44,000원",일반/비IP 상품,https://gift.kakao.com/product/7868895,7868895,2026-09-22 10:33:27,44000,4만원대,일반구성,2,False,compared
주방/식기,20,스탠리,[스탠리공식유통사] 퀜처 프로투어 플립 스트로 텀블러 591ml,"48,000원",일반/비IP 상품,https://gift.kakao.com/product/11801920,11801920,2026-09-22 10:33:27,48000,4만원대,일반구성,-2,False,compared
주방/식기,21,캐릭터주방,"""1인 라면 그릇 선물 추천"" 담곰이 면기 세트 (스푼 포함 구성)","15,800원",캐릭터/팬시-주방,https://gift.kakao.com/product/10468609,10468609,2026-09-22 10:33:27,15800,1만원대,단독구성,2,False,compared
주방/식기,22,댄꼼마,"""집들이 선물 추천"" 짱구 식기세트(4P) [밥그릇, 국그릇, 컵, 미니그릇 세트/정품인증] , 6,919","29,900원",짱구,https://gift.kakao.com/product/12786916,12786916,2026-09-22 10:33:27,29900,2만원대,단독구성,15,False,compared
주방/식기,23,웨지우드,"[웨지우드] 페스티비티 27cm 디너플레이트 2P 선물 세트 3% , 7,763","59,800원",일반/비IP 상품,https://gift.kakao.com/product/7900594,7900594,2026-09-22 10:33:27,59800,5만원 이상,단독구성,16,False,compared
주방/식기,24,캐릭터주방,가나디 페이스 머그 (자취/생일/홈카페/집들이/응원선물),"16,800원",가나디,https://gift.kakao.com/product/12820960,12820960,2026-09-22 10:33:27,16800,1만원대,일반구성,2,False,compared
주방/식기,25,헤이루미(키친),"[5종세트]5색 채소 미니 접시 세트|그릇 앞접시 브런치 자취 결혼 생일 집들이 이사 신혼 선물 , 7,468","16,900원",일반/비IP 상품,https://gift.kakao.com/product/12698675,12698675,2026-09-22 10:33:28,16900,1만원대,단독구성,23,False,compared
주방/식기,26,블루보틀,No.1 베스트셀러 [글로벌최초/단독런칭] 트래블 머그 20oz(591ml) 2color,"46,000원",일반/비IP 상품,https://gift.kakao.com/product/6989444,6989444,2026-09-22 10:33:28,46000,4만원대,단독구성,-6,False,compared
주방/식기,27,Nounou 누누 (리빙),[NEW 와인잔/스페셜 기프트] NOUNOU 누누 와인잔 세트 (2종 중 택 1),"57,000원",일반/비IP 상품,https://gift.kakao.com/product/13681671,13681671,2026-09-22 10:33:28,57000,5만원 이상,단독구성,-2,False,compared
주방/식기,28,바쏠,[BEST] 바쏠 시리얼 볼+스푼 세트 2P (5종 택1/시리얼 ) 홈카페 집들이 귀여운 자취 그릇 생일 강아지 요거트볼 13% 그래놀라,"12,900원",일반/비IP 상품,https://gift.kakao.com/product/9742914,9742914,2026-09-22 10:33:28,12900,1만원대,단독구성,7,False,compared
주방/식기,29,앨리건트테이블,[우드티포크2p이벤트] 은설 무광 홈술세트 4p선물세트 신혼 집들이 결혼 선물,"35,800원",일반/비IP 상품,https://gift.kakao.com/product/9675371,9675371,2026-09-22 10:33:28,35800,3만원대,단독구성,-5,False,compared
주방/식기,30,스탠리,"[스탠리공식유통사] 플로우스테이트 스프링 보틀 591ml , 8,589","46,000원",일반/비IP 상품,https://gift.kakao.com/product/13421555,13421555,2026-09-22 10:33:28,46000,4만원대,일반구성,0,False,compared
주방/식기,31,오덴세,[카카오단독컬러] 투웨이 루프 텀블러 450ml (9 colors),"36,000원",일반/비IP 상품,https://gift.kakao.com/product/12694900,12694900,2026-09-22 10:33:28,36000,3만원대,단독구성,0,False,compared
주방/식기,32,안경만두,"메가커피100% 안경만두 페이스 머그컵 (집들이/귀여운선물/홈카페/생일/이사/자취선물) , 3,354","16,900원",일반/비IP 상품,https://gift.kakao.com/product/13914979,13914979,2026-09-22 10:33:28,16900,1만원대,일반구성,1,False,compared
주방/식기,33,레고트,"루프 텀블러 멀티 400ml (7 colors) , 8,323","32,000원",일반/비IP 상품,https://gift.kakao.com/product/11264832,11264832,2026-09-22 10:33:28,32000,3만원대,일반구성,-1,False,compared
주방/식기,34,비아케이(주방),집들이/생일 (+코스터 )[2P세트] 플로라 웨이브 플레이트 2종세트 (S사이즈+플래터),"42,500원",일반/비IP 상품,https://gift.kakao.com/product/12439693,12439693,2026-09-22 10:33:28,42500,4만원대,단독구성,0,False,compared
주방/식기,35,바쏠,[] 오므라이스 플레이트 세트 (그릇1P+찬기2P) 집들이 생일 홈카페 고양이 자취 이사 식기 선물 아메리카노,"14,900원",일반/비IP 상품,https://gift.kakao.com/product/12702001,12702001,2026-09-22 10:33:28,14900,1만원대,단독구성,-7,False,compared
주방/식기,36,프렌즈리빙LC,"[단독] ""먹방 꿈나무"" 춘식이 손잡이 앞접시 2P 세트","14,800원",카카오프렌즈(춘식이),https://gift.kakao.com/product/5468690,5468690,2026-09-22 10:33:28,14800,1만원대,단독구성,30,False,compared
주방/식기,37,메디테디,"취향저격 선물템 레트로 타원 볼 접시2P 선물세트 파스타 그릇 신혼부부 홈카페 홈파티 집들이 이사 생일 자취 커플 선물 , 2,300","34,000원",일반/비IP 상품,https://gift.kakao.com/product/12747894,12747894,2026-09-22 10:33:28,34000,3만원대,단독구성,1,False,compared
주방/식기,38,타블도트,1인 브런치 홈세트 [] 슬로우 3단 머그 홈카페 세트 3P 4color,"43,900원",일반/비IP 상품,https://gift.kakao.com/product/11413779,11413779,2026-09-22 10:33:28,43900,4만원대,단독구성,12,False,compared
주방/식기,39,알라바스터,"[+쇼핑백] 접시 16cm 2P(색상선택가능) , 5,598","44,000원",일반/비IP 상품,https://gift.kakao.com/product/13428444,13428444,2026-09-22 10:33:28,44000,4만원대,일반구성,16,False,compared
주방/식기,40,쿡차,SNS 인기폭발템! [어글리 도트 접시 세트 2인] 자취생 집들이 디저트 식기 선물 (신혼 부부 집 홈카페 그릇) 8%,"22,800원",일반/비IP 상품,https://gift.kakao.com/product/9791953,9791953,2026-09-22 10:33:28,22800,2만원대,단독구성,1,False,compared
주방/식기,41,타블도트,"기분좋은 선물 [] 타블도트 쿠쿠 레트로 접시+글라스컵 세트 8type , 4,813","24,400원",일반/비IP 상품,https://gift.kakao.com/product/11434780,11434780,2026-09-22 10:33:28,24400,2만원대,단독구성,29,False,compared
주방/식기,42,크로우캐년,집들이 선물 1위 [단독] 마블/스파클 머그 2P 세트 크로우캐년 주방세제,"45,000원",일반/비IP 상품,https://gift.kakao.com/product/4907401,4907401,2026-09-22 10:33:28,45000,4만원대,단독구성,-6,False,compared
주방/식기,43,스타벅스(공식스토어),"""음료쿠폰 2장 "" [각인] SS 스탠리 크림 아이슬란드 텀블러 473ml +에코텀블러음료쿠폰()","39,000원",일반/비IP 상품,https://gift.kakao.com/product/9759637,9759637,2026-09-22 10:33:28,39000,3만원대,각인/자수,25,False,compared
주방/식기,44,다다랜드,"선물박스 스누피 세라믹 접시 4종 선물세트 (집들이 이사 자취 생일 축하 임신 선물 직장 동료 접시 그릇 세트 여자친구 집순이 귀여운) , 9,782","18,990원",스누피/피너츠,https://gift.kakao.com/product/10998208,10998208,2026-09-22 10:33:28,18990,1만원대,단독구성,3,False,compared
주방/식기,45,앨리건트테이블,[우드티포크2p이벤트] 헤움 무광 홈술세트 4p선물세트 소주잔 플레이트 크리스마스,"29,800원",일반/비IP 상품,https://gift.kakao.com/product/7733981,7733981,2026-09-22 10:33:29,29800,2만원대,단독구성,0,False,compared
주방/식기,46,바이탈플랜트,"바이탈플랜트 롤팬 NEW 오리지널 자동회전냄비 6종 택1 [결혼/집들이/부모님/생일/자취/선물] , 7,087","129,000원",일반/비IP 상품,https://gift.kakao.com/product/12742409,12742409,2026-09-22 10:33:29,129000,5만원 이상,일반구성,16,False,compared
주방/식기,47,스타벅스(공식스토어),"""가방에 쏙 편리해요"" [단독] 팬시 or 나수 하우스 텀블러 355ml (5종 택 1) +에코텀블러음료쿠폰()","32,000원",일반/비IP 상품,https://gift.kakao.com/product/7712218,7712218,2026-09-22 10:33:29,32000,3만원대,단독구성,2,False,compared
주방/식기,48,보퀴진,"자취/집들이선물 [보퀴진] 산리오 헬로키티 빈티지 1인식기 머그컵 집들이 홈카페 세트 , 7,714","25,900원","산리오(헬로키티), 산리오(기타/통합)",https://gift.kakao.com/product/10626781,10626781,2026-09-22 10:33:29,25900,2만원대,단독구성,-2,False,compared
주방/식기,49,스타벅스(공식스토어),"""퍼스널컬러"" SS 단테 텀블러 710ml (5종 택 1) +에코텀블러음료쿠폰()","49,000원",일반/비IP 상품,https://gift.kakao.com/product/12109009,12109009,2026-09-22 10:33:29,49000,4만원대,일반구성,-22,False,compared
주방/식기,50,캐릭터주방,"담곰이 1인 식기 세트(밥그릇+국그릇 세트 구성) (혼밥/자취/이사/생일/집들이/선물추천) , 2,720","17,800원",캐릭터/팬시-주방,https://gift.kakao.com/product/14255962,14255962,2026-09-22 10:33:29,17800,1만원대,단독구성,23,False,compared
주방/식기,51,빠다앤마가린,빵순이&빵돌이 선물 [카카오단독] 집들이/자취선물_소금빵 홈브런치 식기 3p 세트(3종 택1) 2%,"53,800원",일반/비IP 상품,https://gift.kakao.com/product/12558527,12558527,2026-09-22 10:33:29,53800,5만원 이상,단독구성,9,False,compared
주방/식기,52,보아르,50시간 보냉 [직장인/취업선물] 보아르 투웨이텀블러 1.18L대용량 손잡이 스테인리스 스텐 보온 보냉 차량용 대형 2종 빨대구성 생일 친구 13%,"19,900원",일반/비IP 상품,https://gift.kakao.com/product/10756773,10756773,2026-09-22 10:33:29,19900,1만원대,일반구성,19,False,compared
주방/식기,53,데이즈룸,"필요한순간,예쁨까지 [개별박스] 도요사사키 미스트 비어글라스 360ml 맥주잔 유리잔 집들이선물 포그 반투명 술잔 유리컵","26,900원",일반/비IP 상품,https://gift.kakao.com/product/13456375,13456375,2026-09-22 10:33:29,26900,2만원대,일반구성,16,False,compared
주방/식기,54,바쏠,버텨! 견뎌! [] 스탠딩 머그컵 2P 세트 집들이 이사 생일 자취 입사 축하 신혼 컵,"24,900원",일반/비IP 상품,https://gift.kakao.com/product/11957461,11957461,2026-09-22 10:33:29,24900,2만원대,단독구성,10,False,compared
주방/식기,55,바쏠,"방울토마토 머그컵 (+키링 ) 귀여운 고양이 홈카페 감성 생일 자취 이사 집들이 선물 토마토 키링 , 8,188","9,900원",일반/비IP 상품,https://gift.kakao.com/product/12958599,12958599,2026-09-22 10:33:29,9900,1만원 미만,일반구성,4,False,compared
주방/식기,56,캐릭터팬시,"산리오 헬로키티 호피 프리미엄 스텐 텀블러 660ml -브라운,핑크 , 4,589","35,500원","산리오(헬로키티), 산리오(기타/통합), 라인프렌즈/BT21",https://gift.kakao.com/product/12800136,12800136,2026-09-22 10:33:29,35500,3만원대,일반구성,27,False,compared
주방/식기,57,바쏠,NEW 고양이 추가 [] 빵굽냥 머그컵 (3종 택1/토마토 코스터 ) 집들이 생일 홈카페 고양이 자취 이사 식기 귀여운 컵 선물,"14,900원",일반/비IP 상품,https://gift.kakao.com/product/10998261,10998261,2026-09-22 10:33:29,14900,1만원대,일반구성,21,False,compared
주방/식기,58,이딸라,리뷰이벤트 [][이딸라] 가스테헬미 유니버설 글래스 260ml (2P)(색상 선택) 22%,"47,000원",일반/비IP 상품,https://gift.kakao.com/product/2125081,2125081,2026-09-22 10:33:29,47000,4만원대,일반구성,-6,False,compared
주방/식기,59,캐릭터주방,"""먹방 필수템/선물 추천"" 담곰이 핸들 플레이트 2P 세트","15,800원",캐릭터/팬시-주방,https://gift.kakao.com/product/9808687,9808687,2026-09-22 10:33:30,15800,1만원대,단독구성,-17,False,compared
주방/식기,60,제이블룸,축하 응원 친구선물 [] 헬로 캣 머그컵 등 귀여운 머그컵 모음 16%,"4,900원",캐릭터/팬시-팬시굿즈,https://gift.kakao.com/product/10394746,10394746,2026-09-22 10:33:30,4900,1만원 미만,일반구성,7,False,compared
주방/식기,61,바쏠,"뱁새 머그컵 귀여운 홈카페 감성 생일 자취 이사 집들이 10대 선물 가성비 컵 흰머리 오목눈이 하트 23% , 6,678","9,900원",일반/비IP 상품,https://gift.kakao.com/product/13613223,13613223,2026-09-22 10:33:30,9900,1만원 미만,일반구성,29,False,compared
주방/식기,62,프렌즈리빙,"[단독] ""오덴세와 춘식이의 특별한 만남"" 오덴세X카카오프렌즈 레고트 투웨이 루프 텀블러 720ml_춘식이","38,000원","카카오프렌즈(춘식이), 카카오프렌즈(기타/통합)",https://gift.kakao.com/product/11904156,11904156,2026-09-22 10:33:30,38000,3만원대,단독구성,24,False,compared
주방/식기,63,프렌즈리빙,"""토마토 춘식이 텀블러"" 춘도락 스텐텀블러_춘식이 , 4,658","27,000원",카카오프렌즈(춘식이),https://gift.kakao.com/product/13648700,13648700,2026-09-22 10:33:30,27000,2만원대,일반구성,-9,False,compared
주방/식기,64,보퀴진,[보퀴진] 미피 식빵 플레이트 앤 머그 세트,"25,000원",미피,https://gift.kakao.com/product/12262364,12262364,2026-09-22 10:33:30,25000,2만원대,단독구성,-21,False,compared
주방/식기,65,웨지우드,[단독/쇼핑백 ] 웨지우드 티타임 선물 세트 3종 택1 (커피잔 2인+TEA 16입),"67,200원",일반/비IP 상품,https://gift.kakao.com/product/10779048,10779048,2026-09-22 10:33:30,67200,5만원 이상,단독구성,-43,False,compared
주방/식기,66,스탠리,"[스탠리공식유통사] 카페 투 고 트래블 머그 236ml , 3,565","28,000원",일반/비IP 상품,https://gift.kakao.com/product/12647294,12647294,2026-09-22 10:33:30,28000,2만원대,일반구성,18,False,compared
주방/식기,67,스타벅스(공식스토어),"""아메리카노 쿠폰 2장 "" 시그니처 사이렌 머그 355ml 2P (4종 택 1) (집들이/결혼/자취선물) , 9,112","38,000원",일반/비IP 상품,https://gift.kakao.com/product/11467014,11467014,2026-09-22 10:33:30,38000,3만원대,일반구성,-38,False,compared
주방/식기,68,캐릭터팬시,"리락쿠마 입체 페이스 머그컵 150ml-베이지,브라운 , 2,724","21,000원","리락쿠마, 라인프렌즈/BT21",https://gift.kakao.com/product/14030622,14030622,2026-09-22 10:33:30,21000,2만원대,일반구성,-11,False,compared
주방/식기,69,레고트,"루프 텀블러 모듈 591ml (7 colors) PVC백 , 7,382","40,000원",일반/비IP 상품,https://gift.kakao.com/product/13658582,13658582,2026-09-22 10:33:30,40000,4만원대,일반구성,19,False,compared
주방/식기,70,빌레로이앤보흐,"보스톤 와인고블렛 310ml 2P 선물세트 (컬러선택) , 5,534","85,000원",일반/비IP 상품,https://gift.kakao.com/product/2425975,2425975,2026-09-22 10:33:30,85000,5만원 이상,단독구성,-7,False,compared
주방/식기,71,와이엠마마,"[임신/출산/백일선물]이유식 신생아 건습분리 피크닉 2단 분리형 보냉가방 멀티보냉백L(기프트박스+쇼핑백) , 3,304","38,000원",일반/비IP 상품,https://gift.kakao.com/product/13270083,13270083,2026-09-22 10:33:30,38000,3만원대,일반구성,NEW,True,new
주방/식기,72,알럽하우스,"감성/고블렛 칼립소머그 컵2+소서2+스푼2 / 홈카페 맥주잔 유리컵 이사 결혼 집들이 생일 자취 신혼 선물 연인 응원 가벼운 따뜻한 선물 , 9,403","24,900원",일반/비IP 상품,https://gift.kakao.com/product/11376250,11376250,2026-09-22 10:33:30,24900,2만원대,일반구성,NEW,True,new
주방/식기,73,다다랜드,"산리오 헬로키티 호피 프리미엄 스텐 텀블러 660ml (집들이 이사 자취 생일 축하 임신 선물 직장 동료 여자친구 귀여운) , 4,728","34,900원","산리오(헬로키티), 산리오(기타/통합)",https://gift.kakao.com/product/14093853,14093853,2026-09-22 10:33:30,34900,3만원대,일반구성,NEW,True,new
주방/식기,74,레고트,"루프 텀블러 스탠다드 400ml (4colors) , 5,010","30,000원",일반/비IP 상품,https://gift.kakao.com/product/9940101,9940101,2026-09-22 10:33:30,30000,3만원대,일반구성,NEW,True,new
주방/식기,75,블루보틀,[쇼핑백] 데이오프 텀블러 (500ml),"52,000원",일반/비IP 상품,https://gift.kakao.com/product/6989471,6989471,2026-09-22 10:33:30,52000,5만원 이상,일반구성,-35,False,compared
주방/식기,76,알라바스터,"[쇼핑백]알라바스터 샐러드디쉬 20cm [색상선택 가능] , 3,884","32,000원",일반/비IP 상품,https://gift.kakao.com/product/11344519,11344519,2026-09-22 10:33:30,32000,3만원대,일반구성,NEW,True,new
주방/식기,77,광주요,"광주요 담 시리즈 브런치 접시 2P (집들이/신혼부부 선물 추천) 10% , 5,058","43,200원",일반/비IP 상품,https://gift.kakao.com/product/7241661,7241661,2026-09-22 10:33:30,43200,4만원대,일반구성,-12,False,compared
주방/식기,78,블루보틀,[단독/] 블루보틀 머그 2P 선물세트(+쇼핑백),"50,000원",일반/비IP 상품,https://gift.kakao.com/product/6990005,6990005,2026-09-22 10:33:30,50000,5만원 이상,단독구성,NEW,True,new
주방/식기,79,알라바스터,"[쇼핑백]알라바스터 접시 21cm [색상선택 가능] , 6,095","29,500원",일반/비IP 상품,https://gift.kakao.com/product/11344307,11344307,2026-09-22 10:33:30,29500,2만원대,일반구성,-21,False,compared
주방/식기,80,크로우캐년,아침식사/신혼부부 마블 시리얼 세트 (18color) 크로우캐년 주방세제,"34,000원",일반/비IP 상품,https://gift.kakao.com/product/5364018,5364018,2026-09-22 10:33:30,34000,3만원대,단독구성,-8,False,compared
주방/식기,81,스타벅스(공식스토어),"""대용량 인기 텀블러"" SS 스탠리 켄처 텀블러 1183ml (3종 택 1) +에코텀블러음료쿠폰()","68,000원",일반/비IP 상품,https://gift.kakao.com/product/10151707,10151707,2026-09-22 10:33:30,68000,5만원 이상,일반구성,-25,False,compared
주방/식기,82,광주요,"[단독 컬러] 광주요 담 시리즈 낮은 머그 2P (집들이선물/신혼부부 선물/컵) 20% 나눌수록 커지는 10+1 , 1,105","35,000원",일반/비IP 상품,https://gift.kakao.com/product/12291705,12291705,2026-09-22 10:33:30,35000,3만원대,단독구성,NEW,True,new
주방/식기,83,앨리건트테이블,"[우드티포크2p이벤트/선물세트] 윤설 화 플레이트 2p선물세트 2color 무광 접시 , 3,153","29,800원",일반/비IP 상품,https://gift.kakao.com/product/12302228,12302228,2026-09-22 10:33:31,29800,2만원대,단독구성,-4,False,compared
주방/식기,84,레고트,"[카카오단독] 루프 텀블러 미니 200ml (5 colors) , 8,597","26,100원",일반/비IP 상품,https://gift.kakao.com/product/13923057,13923057,2026-09-22 10:33:31,26100,2만원대,단독구성,14,False,compared
주방/식기,85,리빙크리에이터,[여름 필수템] 카페 컵 그대로 투고 텀블러 지켜텀 944ml (6colors) 텀꾸 키링 캔쿨러,"33,210원",일반/비IP 상품,https://gift.kakao.com/product/14061116,14061116,2026-09-22 10:33:31,33210,3만원대,일반구성,14,False,compared
주방/식기,86,시라쿠스,"기념일/생일/집들이 [] 시라쿠스 메이플 머그 2P 세트 (색상 교차선택 가능) 9% , 4,312","19,200원",메이플스토리,https://gift.kakao.com/product/10876183,10876183,2026-09-22 10:33:31,19200,1만원대,단독구성,NEW,True,new
주방/식기,87,스탠리,"[단독/각인][스탠리공식유통사] 에브리데이 서버번 머그 709ml , 2,632","46,000원",일반/비IP 상품,https://gift.kakao.com/product/12339663,12339663,2026-09-22 10:33:31,46000,4만원대,"각인/자수, 단독구성",NEW,True,new
주방/식기,88,시라쿠스,"기념일/생일/집들이 [] 시라쿠스 메이플 파스타볼 2P 세트 (색상 교차선택 가능) 7% , 3,419","40,800원",메이플스토리,https://gift.kakao.com/product/10878536,10878536,2026-09-22 10:33:31,40800,4만원대,단독구성,NEW,True,new
주방/식기,89,빌레로이앤보흐,"매뉴팩처락 와인잔2P 선물세트 (3종 1택 선택형) , 6,442","58,800원",일반/비IP 상품,https://gift.kakao.com/product/7797029,7797029,2026-09-22 10:33:31,58800,5만원 이상,단독구성,-45,False,compared
주방/식기,90,스타벅스(공식스토어),"""피너츠 스트로 캡 포인트"" 펌킨 피너츠 글라스 콜드컵 591ml +에코텀블러음료쿠폰() (친구/귀여운 선물)","52,000원",스누피/피너츠,https://gift.kakao.com/product/14276887,14276887,2026-09-22 10:33:31,52000,5만원 이상,일반구성,NEW,True,new
주방/식기,91,인소일,누적1만개[] 블루밍 양면2way 홈카페 플레이트,"37,000원",일반/비IP 상품,https://gift.kakao.com/product/2147854,2147854,2026-09-22 10:33:31,37000,3만원대,일반구성,NEW,True,new
주방/식기,92,알럽하우스,"집들이결혼/자취생일 (니트백)[RloveN]구슬 커트러리 2인 세트 (나이프2+포크2+수저2+선물박스) 생일 가벼운 직장동료 퇴사 , 8,704","25,900원",일반/비IP 상품,https://gift.kakao.com/product/9636493,9636493,2026-09-22 10:33:31,25900,2만원대,단독구성,8,False,compared
주방/식기,93,캐릭터주방,"담곰이 마그넷 데코 텀블러 740ml (대용량텀블러/휴대용/직장인/친구/학생/선물추천) , 3,414","30,800원",캐릭터/팬시-주방,https://gift.kakao.com/product/13830145,13830145,2026-09-22 10:33:31,30800,3만원대,일반구성,-12,False,compared
주방/식기,94,놋담,"방짜유기 소리 양주잔 2P+리본패키지 72% , 4,625","85,000원",일반/비IP 상품,https://gift.kakao.com/product/12251229,12251229,2026-09-22 10:33:31,85000,5만원 이상,선물포장,NEW,True,new
주방/식기,95,오덴세,"(기획) 시손느 빅머그 2p 세트 , 1,962","39,000원",일반/비IP 상품,https://gift.kakao.com/product/10033137,10033137,2026-09-22 10:33:31,39000,3만원대,단독구성,NEW,True,new
주방/식기,96,이도온화,이도온화 컵라면 도자기 육개장 컬러 1인세트,"29,800원",일반/비IP 상품,https://gift.kakao.com/product/9942579,9942579,2026-09-22 10:33:31,29800,2만원대,단독구성,-9,False,compared
주방/식기,97,타블도트,"Best 집들이선물 [] 타블도트 슬로우 통통 머그 2P 선물세트 홈카페 , 2,500","36,800원",일반/비IP 상품,https://gift.kakao.com/product/11414084,11414084,2026-09-22 10:33:31,36800,3만원대,단독구성,-2,False,compared
주방/식기,98,블루보틀,"[쇼핑백] NEW 커뮤터 컵 20oz (591ml) , 6,142","42,000원",일반/비IP 상품,https://gift.kakao.com/product/14086742,14086742,2026-09-22 10:33:31,42000,4만원대,일반구성,NEW,True,new
주방/식기,99,쿡차,"SNS품절대란 접시 [로코코 빈티지 접시 세트 2인] 홈카페 집들이 엔틱 디저트 식기 선물 (신혼 부부 자취생 친구 생일 이사 그릇) 8% , 4,751","22,800원",일반/비IP 상품,https://gift.kakao.com/product/11905265,11905265,2026-09-22 10:33:31,22800,2만원대,단독구성,NEW,True,new
주방/식기,100,데일리라이크 (키친),"코스터 ""BEST!"" [먹방꿈나무] 고양이 핸들 플레이트 2P 세트 3종 손잡이앞접시 냥냥이 그릇 집들이 접시 자취 응원선물 집사선물 고양이 실리콘 코스터","16,800원",일반/비IP 상품,https://gift.kakao.com/product/6170530,6170530,2026-09-22 10:33:31,16800,1만원대,단독구성,-15,False,compared
